image_path,emotion
0.jpg,sad
1.jpg,neutral
10.jpg,anger
100.jpg,uncertain
1000.jpg,surprise
1001.jpg,disgust
1002.jpg,neutral
1003.jpg,fear
1004.jpg,neutral
1005.jpg,anger
1006.jpg,anger
1007.jpg,surprise
1008.jpg,neutral
1009.jpg,neutral
101.jpg,fear
1010.jpg,surprise
1011.jpg,surprise
1012.jpg,sad
1013.jpg,happy
1014.jpg,happy
1015.jpg,happy
1016.jpg,disgust
1017.jpg,disgust
1018.jpg,sad
1019.jpg,surprise
102.jpg,happy
1020.jpg,neutral
1021.jpg,uncertain
1022.jpg,anger
1023.jpg,neutral
1024.jpg,fear
1025.jpg,happy
1026.jpg,neutral
1027.jpg,anger
1028.jpg,happy
1029.jpg,surprise
103.jpg,neutral
1030.jpg,surprise
1031.jpg,sad
1032.jpg,uncertain
1033.jpg,sad
1034.jpg,surprise
1035.jpg,surprise
1036.jpg,anger
1037.jpg,fear
1038.jpg,fear
1039.jpg,contempt
104.jpg,fear
1040.jpg,sad
1041.jpg,happy
1042.jpg,neutral
1043.jpg,surprise
1044.jpg,anger
1045.jpg,sad
1046.jpg,sad
1047.jpg,uncertain
1048.jpg,neutral
1049.jpg,sad
105.jpg,uncertain
1050.jpg,happy
1051.jpg,surprise
1052.jpg,neutral
1053.jpg,neutral
1054.jpg,anger
1055.jpg,neutral
1056.jpg,neutral
1057.jpg,sad
1058.jpg,fear
1059.jpg,contempt
106.jpg,uncertain
1060.jpg,uncertain
1061.jpg,neutral
1062.jpg,happy
1063.jpg,uncertain
1064.jpg,sad
1065.jpg,anger
1066.jpg,contempt
1067.jpg,anger
1068.jpg,neutral
1069.jpg,fear
107.jpg,disgust
1070.jpg,neutral
1071.jpg,sad
1072.jpg,surprise
1073.jpg,anger
1074.jpg,anger
1075.jpg,contempt
1076.jpg,uncertain
1077.jpg,happy
1078.jpg,happy
1079.jpg,happy
108.jpg,sad
1080.jpg,uncertain
1081.jpg,disgust
1082.jpg,anger
1083.jpg,anger
1084.jpg,neutral
1085.jpg,neutral
1086.jpg,anger
1087.jpg,anger
1088.jpg,surprise
1089.jpg,neutral
109.jpg,disgust
1090.jpg,happy
1091.jpg,fear
1092.jpg,disgust
1093.jpg,sad
1094.jpg,uncertain
1095.jpg,anger
1096.jpg,contempt
1097.jpg,neutral
1098.jpg,anger
1099.jpg,fear
11.jpg,anger
110.jpg,fear
1100.jpg,neutral
1101.jpg,contempt
1102.jpg,surprise
1103.jpg,fear
1104.jpg,surprise
1105.jpg,surprise
1106.jpg,contempt
1107.jpg,happy
1108.jpg,fear
1109.jpg,anger
111.jpg,surprise
1110.jpg,happy
1111.jpg,neutral
1112.jpg,disgust
1113.jpg,sad
1114.jpg,sad
1115.jpg,anger
1116.jpg,neutral
1117.jpg,surprise
1118.jpg,sad
1119.jpg,surprise
112.jpg,surprise
1120.jpg,neutral
1121.jpg,fear
1122.jpg,fear
1123.jpg,uncertain
1124.jpg,sad
1125.jpg,fear
1126.jpg,surprise
1127.jpg,anger
1128.jpg,uncertain
1129.jpg,happy
113.jpg,contempt
1130.jpg,neutral
1131.jpg,fear
1132.jpg,sad
1133.jpg,sad
1134.jpg,surprise
1135.jpg,surprise
1136.jpg,neutral
1137.jpg,disgust
1138.jpg,surprise
1139.jpg,neutral
114.jpg,happy
1140.jpg,sad
1141.jpg,anger
1142.jpg,anger
1143.jpg,neutral
1144.jpg,sad
1145.jpg,neutral
1146.jpg,surprise
1147.jpg,sad
1148.jpg,neutral
1149.jpg,fear
115.jpg,neutral
1150.jpg,uncertain
1151.jpg,anger
1152.jpg,anger
1153.jpg,anger
1154.jpg,happy
1155.jpg,neutral
1156.jpg,neutral
1157.jpg,surprise
1158.jpg,surprise
1159.jpg,sad
116.jpg,contempt
1160.jpg,fear
1161.jpg,sad
1162.jpg,fear
1163.jpg,fear
1164.jpg,surprise
1165.jpg,surprise
1166.jpg,uncertain
1167.jpg,fear
1168.jpg,neutral
1169.jpg,sad
117.jpg,happy
1170.jpg,happy
1171.jpg,neutral
1172.jpg,contempt
1173.jpg,anger
1174.jpg,surprise
1175.jpg,anger
1176.jpg,fear
1177.jpg,fear
1178.jpg,fear
1179.jpg,happy
118.jpg,anger
1180.jpg,surprise
1181.jpg,neutral
1182.jpg,neutral
1183.jpg,happy
1184.jpg,happy
1185.jpg,neutral
1186.jpg,anger
1187.jpg,neutral
1188.jpg,surprise
1189.jpg,uncertain
119.jpg,sad
1190.jpg,anger
1191.jpg,neutral
1192.jpg,fear
1193.jpg,uncertain
1194.jpg,neutral
1195.jpg,surprise
1196.jpg,neutral
1197.jpg,fear
1198.jpg,neutral
1199.jpg,happy
12.jpg,contempt
120.jpg,neutral
1200.jpg,anger
1201.jpg,anger
1202.jpg,neutral
1203.jpg,happy
1204.jpg,anger
1205.jpg,uncertain
1206.jpg,fear
1207.jpg,uncertain
1208.jpg,anger
1209.jpg,neutral
121.jpg,happy
1210.jpg,sad
1211.jpg,surprise
1212.jpg,anger
1213.jpg,surprise
1214.jpg,sad
1215.jpg,surprise
1216.jpg,anger
1217.jpg,sad
1218.jpg,disgust
1219.jpg,neutral
122.jpg,contempt
1220.jpg,sad
1221.jpg,disgust
1222.jpg,sad
1223.jpg,fear
1224.jpg,anger
1225.jpg,surprise
1226.jpg,contempt
1227.jpg,sad
1228.jpg,sad
1229.jpg,anger
123.jpg,neutral
1230.jpg,fear
1231.jpg,happy
1232.jpg,fear
1233.jpg,surprise
1234.jpg,anger
1235.jpg,anger
1236.jpg,neutral
1237.jpg,sad
1238.jpg,happy
1239.jpg,anger
124.jpg,happy
1240.jpg,sad
1241.jpg,anger
1242.jpg,sad
1243.jpg,sad
1244.jpg,happy
1245.jpg,surprise
1246.jpg,sad
1247.jpg,anger
1248.jpg,surprise
1249.jpg,surprise
125.jpg,sad
1250.jpg,contempt
1251.jpg,sad
1252.jpg,sad
1253.jpg,contempt
1254.jpg,surprise
1255.jpg,neutral
1256.jpg,surprise
1257.jpg,neutral
1258.jpg,surprise
1259.jpg,anger
126.jpg,surprise
1260.jpg,disgust
1261.jpg,contempt
1262.jpg,contempt
1263.jpg,fear
1264.jpg,neutral
1265.jpg,neutral
1266.jpg,sad
1267.jpg,happy
1268.jpg,disgust
1269.jpg,contempt
127.jpg,sad
1270.jpg,neutral
1271.jpg,uncertain
1272.jpg,neutral
1273.jpg,happy
1274.jpg,contempt
1275.jpg,sad
1276.jpg,neutral
1277.jpg,surprise
1278.jpg,contempt
1279.jpg,surprise
128.jpg,neutral
1280.jpg,uncertain
1281.jpg,surprise
1282.jpg,anger
1283.jpg,surprise
1284.jpg,fear
1285.jpg,neutral
1286.jpg,fear
1287.jpg,neutral
1288.jpg,neutral
1289.jpg,uncertain
129.jpg,sad
1290.jpg,sad
1291.jpg,uncertain
1292.jpg,uncertain
1293.jpg,surprise
1294.jpg,neutral
1295.jpg,surprise
1296.jpg,anger
1297.jpg,surprise
1298.jpg,neutral
1299.jpg,happy
13.jpg,sad
130.jpg,neutral
1300.jpg,anger
1301.jpg,surprise
1302.jpg,anger
1303.jpg,sad
1304.jpg,surprise
1305.jpg,happy
1306.jpg,surprise
1307.jpg,uncertain
1308.jpg,neutral
1309.jpg,anger
131.jpg,sad
1310.jpg,surprise
1311.jpg,uncertain
1312.jpg,sad
1313.jpg,neutral
1314.jpg,contempt
1315.jpg,surprise
1316.jpg,sad
1317.jpg,neutral
1318.jpg,neutral
1319.jpg,neutral
132.jpg,happy
1320.jpg,neutral
1321.jpg,neutral
1322.jpg,uncertain
1323.jpg,neutral
1324.jpg,anger
1325.jpg,surprise
1326.jpg,anger
1327.jpg,anger
1328.jpg,surprise
1329.jpg,contempt
133.jpg,sad
1330.jpg,sad
1331.jpg,uncertain
1332.jpg,contempt
1333.jpg,happy
1334.jpg,neutral
1335.jpg,neutral
1336.jpg,contempt
1337.jpg,surprise
1338.jpg,neutral
1339.jpg,sad
134.jpg,fear
1340.jpg,fear
1341.jpg,happy
1342.jpg,surprise
1343.jpg,anger
1344.jpg,sad
1345.jpg,surprise
1346.jpg,happy
1347.jpg,sad
1348.jpg,anger
1349.jpg,happy
135.jpg,uncertain
1350.jpg,fear
1351.jpg,sad
1352.jpg,sad
1353.jpg,neutral
1354.jpg,sad
1355.jpg,disgust
1356.jpg,sad
1357.jpg,happy
1358.jpg,anger
1359.jpg,anger
136.jpg,sad
1360.jpg,fear
1361.jpg,sad
1362.jpg,uncertain
1363.jpg,neutral
1364.jpg,fear
1365.jpg,sad
1366.jpg,anger
1367.jpg,surprise
1368.jpg,contempt
1369.jpg,anger
137.jpg,fear
1370.jpg,neutral
1371.jpg,anger
1372.jpg,neutral
1373.jpg,uncertain
1374.jpg,disgust
1375.jpg,contempt
1376.jpg,uncertain
1377.jpg,anger
1378.jpg,neutral
1379.jpg,fear
138.jpg,surprise
1380.jpg,fear
1381.jpg,sad
1382.jpg,fear
1383.jpg,surprise
1384.jpg,neutral
1385.jpg,neutral
1386.jpg,fear
1387.jpg,uncertain
1388.jpg,fear
1389.jpg,fear
139.jpg,disgust
1390.jpg,surprise
1391.jpg,contempt
1392.jpg,uncertain
1393.jpg,neutral
1394.jpg,sad
1395.jpg,uncertain
1396.jpg,fear
1397.jpg,neutral
1398.jpg,fear
1399.jpg,anger
14.jpg,neutral
140.jpg,fear
1400.jpg,happy
1401.jpg,uncertain
1402.jpg,anger
1403.jpg,anger
1404.jpg,surprise
1405.jpg,surprise
1406.jpg,surprise
1407.jpg,neutral
1408.jpg,surprise
1409.jpg,neutral
141.jpg,uncertain
1410.jpg,sad
1411.jpg,sad
1412.jpg,anger
1413.jpg,happy
1414.jpg,contempt
1415.jpg,disgust
1416.jpg,anger
1417.jpg,uncertain
1418.jpg,neutral
1419.jpg,anger
142.jpg,uncertain
1420.jpg,neutral
1421.jpg,sad
1422.jpg,happy
1423.jpg,happy
1424.jpg,anger
1425.jpg,sad
1426.jpg,disgust
1427.jpg,sad
1428.jpg,surprise
1429.jpg,neutral
143.jpg,uncertain
1430.jpg,contempt
1431.jpg,fear
1432.jpg,happy
1433.jpg,neutral
1434.jpg,neutral
1435.jpg,surprise
1436.jpg,sad
1437.jpg,fear
1438.jpg,disgust
1439.jpg,happy
144.jpg,anger
1440.jpg,fear
1441.jpg,surprise
1442.jpg,fear
1443.jpg,surprise
1444.jpg,happy
1445.jpg,surprise
1446.jpg,neutral
1447.jpg,neutral
1448.jpg,fear
1449.jpg,anger
145.jpg,sad
1450.jpg,fear
1451.jpg,neutral
1452.jpg,fear
1453.jpg,fear
1454.jpg,uncertain
1455.jpg,neutral
1456.jpg,anger
1457.jpg,contempt
1458.jpg,fear
1459.jpg,fear
146.jpg,surprise
1460.jpg,surprise
1461.jpg,happy
1462.jpg,anger
1463.jpg,contempt
1464.jpg,anger
1465.jpg,uncertain
1466.jpg,happy
1467.jpg,uncertain
1468.jpg,anger
1469.jpg,uncertain
147.jpg,sad
1470.jpg,contempt
1471.jpg,sad
1472.jpg,surprise
1473.jpg,fear
1474.jpg,sad
1475.jpg,anger
1476.jpg,contempt
1477.jpg,happy
1478.jpg,surprise
1479.jpg,surprise
148.jpg,anger
1480.jpg,anger
1481.jpg,sad
1482.jpg,uncertain
1483.jpg,uncertain
1484.jpg,uncertain
1485.jpg,contempt
1486.jpg,sad
1487.jpg,uncertain
1488.jpg,neutral
1489.jpg,sad
149.jpg,sad
1490.jpg,neutral
1491.jpg,anger
1492.jpg,fear
1493.jpg,neutral
1494.jpg,anger
1495.jpg,anger
1496.jpg,surprise
1497.jpg,neutral
1498.jpg,uncertain
1499.jpg,happy
15.jpg,neutral
150.jpg,fear
1500.jpg,happy
1501.jpg,happy
1502.jpg,contempt
1503.jpg,disgust
1504.jpg,neutral
1505.jpg,anger
1506.jpg,contempt
1507.jpg,fear
1508.jpg,surprise
1509.jpg,surprise
151.jpg,neutral
1510.jpg,fear
1511.jpg,neutral
1512.jpg,anger
1513.jpg,anger
1514.jpg,happy
1515.jpg,surprise
1516.jpg,sad
1517.jpg,anger
1518.jpg,happy
1519.jpg,neutral
152.jpg,fear
1520.jpg,neutral
1521.jpg,neutral
1522.jpg,anger
1523.jpg,neutral
1524.jpg,surprise
1525.jpg,surprise
1526.jpg,disgust
1527.jpg,neutral
1528.jpg,neutral
1529.jpg,fear
153.jpg,anger
1530.jpg,happy
1531.jpg,sad
1532.jpg,anger
1533.jpg,happy
1534.jpg,neutral
1535.jpg,surprise
1536.jpg,happy
1537.jpg,sad
1538.jpg,sad
1539.jpg,anger
154.jpg,happy
1540.jpg,sad
1541.jpg,anger
1542.jpg,fear
1543.jpg,happy
1544.jpg,neutral
1545.jpg,surprise
1546.jpg,disgust
1547.jpg,sad
1548.jpg,contempt
1549.jpg,neutral
155.jpg,anger
1550.jpg,neutral
1551.jpg,surprise
1552.jpg,fear
1553.jpg,anger
1554.jpg,surprise
1555.jpg,uncertain
1556.jpg,neutral
1557.jpg,anger
1558.jpg,happy
1559.jpg,uncertain
156.jpg,neutral
1560.jpg,surprise
1561.jpg,anger
1562.jpg,neutral
1563.jpg,contempt
1564.jpg,anger
1565.jpg,happy
1566.jpg,happy
1567.jpg,surprise
1568.jpg,neutral
1569.jpg,happy
157.jpg,sad
1570.jpg,uncertain
1571.jpg,neutral
1572.jpg,uncertain
1573.jpg,neutral
1574.jpg,contempt
1575.jpg,uncertain
1576.jpg,surprise
1577.jpg,anger
1578.jpg,happy
1579.jpg,neutral
158.jpg,sad
1580.jpg,neutral
1581.jpg,fear
1582.jpg,neutral
1583.jpg,surprise
1584.jpg,sad
1585.jpg,fear
1586.jpg,anger
1587.jpg,uncertain
1588.jpg,fear
1589.jpg,uncertain
159.jpg,disgust
1590.jpg,anger
1591.jpg,surprise
1592.jpg,neutral
1593.jpg,anger
1594.jpg,surprise
1595.jpg,fear
1596.jpg,happy
1597.jpg,contempt
1598.jpg,happy
1599.jpg,sad
16.jpg,anger
160.jpg,happy
1600.jpg,fear
1601.jpg,neutral
1602.jpg,neutral
1603.jpg,anger
1604.jpg,surprise
1605.jpg,sad
1606.jpg,neutral
1607.jpg,surprise
1608.jpg,sad
1609.jpg,happy
161.jpg,fear
1610.jpg,anger
1611.jpg,happy
1612.jpg,sad
1613.jpg,happy
1614.jpg,neutral
1615.jpg,neutral
1616.jpg,anger
1617.jpg,surprise
1618.jpg,anger
1619.jpg,fear
162.jpg,contempt
1620.jpg,neutral
1621.jpg,anger
1622.jpg,happy
1623.jpg,neutral
1624.jpg,neutral
1625.jpg,sad
1626.jpg,sad
1627.jpg,uncertain
1628.jpg,sad
1629.jpg,neutral
163.jpg,anger
1630.jpg,neutral
1631.jpg,sad
1632.jpg,anger
1633.jpg,fear
1634.jpg,sad
1635.jpg,neutral
1636.jpg,contempt
1637.jpg,uncertain
1638.jpg,anger
1639.jpg,anger
164.jpg,anger
1640.jpg,disgust
1641.jpg,uncertain
1642.jpg,anger
1643.jpg,uncertain
1644.jpg,sad
1645.jpg,contempt
1646.jpg,happy
1647.jpg,surprise
1648.jpg,neutral
1649.jpg,surprise
165.jpg,sad
1650.jpg,happy
1651.jpg,neutral
1652.jpg,anger
1653.jpg,neutral
1654.jpg,neutral
1655.jpg,neutral
1656.jpg,uncertain
1657.jpg,anger
1658.jpg,uncertain
1659.jpg,uncertain
166.jpg,anger
1660.jpg,surprise
1661.jpg,sad
1662.jpg,fear
1663.jpg,happy
1664.jpg,anger
1665.jpg,happy
1666.jpg,happy
1667.jpg,happy
1668.jpg,anger
1669.jpg,neutral
167.jpg,fear
1670.jpg,uncertain
1671.jpg,happy
1672.jpg,sad
1673.jpg,surprise
1674.jpg,contempt
1675.jpg,fear
1676.jpg,surprise
1677.jpg,surprise
1678.jpg,happy
1679.jpg,neutral
168.jpg,neutral
1680.jpg,uncertain
1681.jpg,sad
1682.jpg,uncertain
1683.jpg,neutral
1684.jpg,anger
1685.jpg,uncertain
1686.jpg,anger
1687.jpg,contempt
1688.jpg,anger
1689.jpg,fear
169.jpg,happy
1690.jpg,contempt
1691.jpg,fear
1692.jpg,happy
1693.jpg,fear
1694.jpg,surprise
1695.jpg,fear
1696.jpg,happy
1697.jpg,sad
1698.jpg,anger
1699.jpg,sad
17.jpg,sad
170.jpg,sad
1700.jpg,happy
1701.jpg,sad
1702.jpg,contempt
1703.jpg,neutral
1704.jpg,neutral
1705.jpg,sad
1706.jpg,disgust
1707.jpg,sad
1708.jpg,sad
1709.jpg,surprise
171.jpg,neutral
1710.jpg,fear
1711.jpg,neutral
1712.jpg,neutral
1713.jpg,sad
1714.jpg,happy
1715.jpg,sad
1716.jpg,happy
1717.jpg,surprise
1718.jpg,happy
1719.jpg,anger
172.jpg,neutral
1720.jpg,contempt
1721.jpg,uncertain
1722.jpg,surprise
1723.jpg,sad
1724.jpg,surprise
1725.jpg,fear
1726.jpg,anger
1727.jpg,surprise
1728.jpg,sad
1729.jpg,uncertain
173.jpg,fear
1730.jpg,anger
1731.jpg,surprise
1732.jpg,neutral
1733.jpg,surprise
1734.jpg,neutral
1735.jpg,sad
1736.jpg,disgust
1737.jpg,sad
1738.jpg,fear
1739.jpg,fear
174.jpg,anger
1740.jpg,uncertain
1741.jpg,surprise
1742.jpg,neutral
1743.jpg,sad
1744.jpg,fear
1745.jpg,neutral
1746.jpg,sad
1747.jpg,happy
1748.jpg,surprise
1749.jpg,disgust
175.jpg,sad
1750.jpg,surprise
1751.jpg,surprise
1752.jpg,anger
1753.jpg,fear
1754.jpg,surprise
1755.jpg,contempt
1756.jpg,anger
1757.jpg,contempt
1758.jpg,anger
1759.jpg,neutral
176.jpg,uncertain
1760.jpg,contempt
1761.jpg,neutral
1762.jpg,uncertain
1763.jpg,contempt
1764.jpg,neutral
1765.jpg,fear
1766.jpg,sad
1767.jpg,uncertain
1768.jpg,surprise
1769.jpg,contempt
177.jpg,neutral
1770.jpg,fear
1771.jpg,uncertain
1772.jpg,neutral
1773.jpg,anger
1774.jpg,fear
1775.jpg,uncertain
1776.jpg,disgust
1777.jpg,anger
1778.jpg,surprise
1779.jpg,neutral
178.jpg,anger
1780.jpg,neutral
1781.jpg,neutral
1782.jpg,fear
1783.jpg,neutral
1784.jpg,surprise
1785.jpg,anger
1786.jpg,fear
1787.jpg,neutral
1788.jpg,anger
1789.jpg,happy
179.jpg,surprise
1790.jpg,happy
1791.jpg,contempt
1792.jpg,neutral
1793.jpg,uncertain
1794.jpg,happy
1795.jpg,neutral
1796.jpg,uncertain
1797.jpg,anger
1798.jpg,sad
1799.jpg,happy
18.jpg,fear
180.jpg,surprise
1800.jpg,uncertain
1801.jpg,neutral
1802.jpg,anger
1803.jpg,uncertain
1804.jpg,contempt
1805.jpg,anger
1806.jpg,uncertain
1807.jpg,happy
1808.jpg,uncertain
1809.jpg,sad
181.jpg,neutral
1810.jpg,fear
1811.jpg,uncertain
1812.jpg,neutral
1813.jpg,surprise
1814.jpg,surprise
1815.jpg,happy
1816.jpg,surprise
1817.jpg,fear
1818.jpg,happy
1819.jpg,anger
182.jpg,happy
1820.jpg,sad
1821.jpg,surprise
1822.jpg,surprise
1823.jpg,anger
1824.jpg,uncertain
1825.jpg,sad
1826.jpg,uncertain
1827.jpg,surprise
1828.jpg,uncertain
1829.jpg,surprise
183.jpg,contempt
1830.jpg,sad
1831.jpg,fear
1832.jpg,contempt
1833.jpg,anger
1834.jpg,happy
1835.jpg,surprise
1836.jpg,uncertain
1837.jpg,fear
1838.jpg,happy
1839.jpg,anger
184.jpg,happy
1840.jpg,neutral
1841.jpg,happy
1842.jpg,surprise
1843.jpg,fear
1844.jpg,happy
1845.jpg,neutral
1846.jpg,surprise
1847.jpg,uncertain
1848.jpg,anger
1849.jpg,sad
185.jpg,uncertain
1850.jpg,neutral
1851.jpg,anger
1852.jpg,sad
1853.jpg,sad
1854.jpg,sad
1855.jpg,surprise
1856.jpg,anger
1857.jpg,sad
1858.jpg,happy
1859.jpg,fear
186.jpg,contempt
1860.jpg,uncertain
1861.jpg,sad
1862.jpg,neutral
1863.jpg,neutral
1864.jpg,surprise
1865.jpg,disgust
1866.jpg,happy
1867.jpg,anger
1868.jpg,surprise
1869.jpg,sad
187.jpg,fear
1870.jpg,uncertain
1871.jpg,uncertain
1872.jpg,anger
1873.jpg,neutral
1874.jpg,uncertain
1875.jpg,fear
1876.jpg,neutral
1877.jpg,uncertain
1878.jpg,sad
1879.jpg,fear
188.jpg,anger
1880.jpg,uncertain
1881.jpg,disgust
1882.jpg,fear
1883.jpg,fear
1884.jpg,uncertain
1885.jpg,fear
1886.jpg,happy
1887.jpg,neutral
1888.jpg,neutral
1889.jpg,happy
189.jpg,contempt
1890.jpg,happy
1891.jpg,anger
1892.jpg,surprise
1893.jpg,happy
1894.jpg,anger
1895.jpg,contempt
1896.jpg,happy
1897.jpg,contempt
1898.jpg,fear
1899.jpg,sad
19.jpg,disgust
190.jpg,anger
1900.jpg,surprise
1901.jpg,neutral
1902.jpg,sad
1903.jpg,neutral
1904.jpg,fear
1905.jpg,uncertain
1906.jpg,sad
1907.jpg,neutral
1908.jpg,anger
1909.jpg,anger
191.jpg,fear
1910.jpg,anger
1911.jpg,disgust
1912.jpg,neutral
1913.jpg,fear
1914.jpg,neutral
1915.jpg,happy
1916.jpg,contempt
1917.jpg,surprise
1918.jpg,disgust
1919.jpg,anger
192.jpg,anger
1920.jpg,sad
1921.jpg,uncertain
1922.jpg,neutral
1923.jpg,happy
1924.jpg,contempt
1925.jpg,neutral
1926.jpg,anger
1927.jpg,anger
1928.jpg,fear
1929.jpg,fear
193.jpg,surprise
1930.jpg,sad
1931.jpg,neutral
1932.jpg,uncertain
1933.jpg,uncertain
1934.jpg,neutral
1935.jpg,neutral
1936.jpg,happy
1937.jpg,neutral
1938.jpg,neutral
1939.jpg,anger
194.jpg,happy
1940.jpg,fear
1941.jpg,fear
1942.jpg,neutral
1943.jpg,neutral
1944.jpg,anger
1945.jpg,surprise
1946.jpg,neutral
1947.jpg,happy
1948.jpg,uncertain
1949.jpg,neutral
195.jpg,uncertain
1950.jpg,neutral
1951.jpg,happy
1952.jpg,fear
1953.jpg,sad
1954.jpg,uncertain
1955.jpg,sad
1956.jpg,sad
1957.jpg,sad
1958.jpg,surprise
1959.jpg,disgust
196.jpg,neutral
1960.jpg,fear
1961.jpg,contempt
1962.jpg,fear
1963.jpg,uncertain
1964.jpg,anger
1965.jpg,sad
1966.jpg,neutral
1967.jpg,happy
1968.jpg,anger
1969.jpg,surprise
197.jpg,uncertain
1970.jpg,anger
1971.jpg,surprise
1972.jpg,contempt
1973.jpg,surprise
1974.jpg,happy
1975.jpg,anger
1976.jpg,anger
1977.jpg,surprise
1978.jpg,happy
1979.jpg,surprise
198.jpg,surprise
1980.jpg,neutral
1981.jpg,happy
1982.jpg,happy
1983.jpg,fear
1984.jpg,happy
1985.jpg,uncertain
1986.jpg,neutral
1987.jpg,anger
1988.jpg,anger
1989.jpg,sad
199.jpg,anger
1990.jpg,sad
1991.jpg,surprise
1992.jpg,neutral
1993.jpg,fear
1994.jpg,sad
1995.jpg,anger
1996.jpg,sad
1997.jpg,surprise
1998.jpg,anger
1999.jpg,fear
2.jpg,sad
20.jpg,contempt
200.jpg,fear
2000.jpg,uncertain
2001.jpg,disgust
2002.jpg,sad
2003.jpg,neutral
2004.jpg,sad
2005.jpg,uncertain
2006.jpg,neutral
2007.jpg,neutral
2008.jpg,happy
2009.jpg,sad
201.jpg,neutral
2010.jpg,anger
2011.jpg,happy
2012.jpg,happy
2013.jpg,neutral
2014.jpg,uncertain
2015.jpg,happy
2016.jpg,anger
2017.jpg,neutral
2018.jpg,anger
2019.jpg,anger
202.jpg,surprise
2020.jpg,sad
2021.jpg,surprise
2022.jpg,neutral
2023.jpg,anger
2024.jpg,anger
2025.jpg,contempt
2026.jpg,uncertain
2027.jpg,anger
2028.jpg,disgust
2029.jpg,surprise
203.jpg,surprise
2030.jpg,uncertain
2031.jpg,sad
2032.jpg,surprise
2033.jpg,sad
2034.jpg,contempt
2035.jpg,anger
2036.jpg,happy
2037.jpg,surprise
2038.jpg,neutral
2039.jpg,fear
204.jpg,sad
2040.jpg,fear
2041.jpg,surprise
2042.jpg,happy
2043.jpg,neutral
2044.jpg,uncertain
2045.jpg,happy
2046.jpg,neutral
2047.jpg,happy
2048.jpg,anger
2049.jpg,sad
205.jpg,happy
2050.jpg,anger
2051.jpg,neutral
2052.jpg,fear
2053.jpg,anger
2054.jpg,sad
2055.jpg,neutral
2056.jpg,neutral
2057.jpg,fear
2058.jpg,sad
2059.jpg,sad
206.jpg,contempt
2060.jpg,uncertain
2061.jpg,neutral
2062.jpg,fear
2063.jpg,neutral
2064.jpg,anger
2065.jpg,fear
2066.jpg,happy
2067.jpg,sad
2068.jpg,sad
2069.jpg,anger
207.jpg,neutral
2070.jpg,disgust
2071.jpg,anger
2072.jpg,neutral
2073.jpg,sad
2074.jpg,happy
2075.jpg,neutral
2076.jpg,surprise
2077.jpg,uncertain
2078.jpg,uncertain
2079.jpg,anger
208.jpg,surprise
2080.jpg,neutral
2081.jpg,neutral
2082.jpg,neutral
2083.jpg,uncertain
2084.jpg,disgust
2085.jpg,neutral
2086.jpg,sad
2087.jpg,sad
2088.jpg,uncertain
2089.jpg,uncertain
209.jpg,neutral
2090.jpg,uncertain
2091.jpg,surprise
2092.jpg,uncertain
2093.jpg,anger
2094.jpg,surprise
2095.jpg,happy
2096.jpg,happy
2097.jpg,surprise
2098.jpg,anger
2099.jpg,contempt
21.jpg,contempt
210.jpg,anger
2100.jpg,sad
2101.jpg,surprise
2102.jpg,surprise
2103.jpg,fear
2104.jpg,anger
2105.jpg,uncertain
2106.jpg,fear
2107.jpg,surprise
2108.jpg,neutral
2109.jpg,fear
211.jpg,contempt
2110.jpg,happy
2111.jpg,happy
2112.jpg,anger
2113.jpg,happy
2114.jpg,neutral
2115.jpg,sad
2116.jpg,neutral
2117.jpg,uncertain
2118.jpg,anger
2119.jpg,contempt
212.jpg,sad
2120.jpg,uncertain
2121.jpg,surprise
2122.jpg,sad
2123.jpg,neutral
2124.jpg,anger
2125.jpg,contempt
2126.jpg,neutral
2127.jpg,anger
2128.jpg,anger
2129.jpg,uncertain
213.jpg,neutral
2130.jpg,uncertain
2131.jpg,uncertain
2132.jpg,uncertain
2133.jpg,happy
2134.jpg,contempt
2135.jpg,neutral
2136.jpg,happy
2137.jpg,sad
2138.jpg,anger
2139.jpg,sad
214.jpg,surprise
2140.jpg,sad
2141.jpg,neutral
2142.jpg,neutral
2143.jpg,sad
2144.jpg,fear
2145.jpg,fear
2146.jpg,surprise
2147.jpg,neutral
2148.jpg,happy
2149.jpg,anger
215.jpg,disgust
2150.jpg,neutral
2151.jpg,neutral
2152.jpg,anger
2153.jpg,sad
2154.jpg,surprise
2155.jpg,surprise
2156.jpg,anger
2157.jpg,anger
2158.jpg,surprise
2159.jpg,neutral
216.jpg,happy
2160.jpg,neutral
2161.jpg,anger
2162.jpg,happy
2163.jpg,neutral
2164.jpg,neutral
2165.jpg,anger
2166.jpg,uncertain
2167.jpg,neutral
2168.jpg,uncertain
2169.jpg,neutral
217.jpg,anger
2170.jpg,neutral
2171.jpg,anger
2172.jpg,anger
2173.jpg,happy
2174.jpg,fear
2175.jpg,happy
2176.jpg,sad
2177.jpg,anger
2178.jpg,anger
2179.jpg,disgust
218.jpg,sad
2180.jpg,uncertain
2181.jpg,disgust
2182.jpg,anger
2183.jpg,happy
2184.jpg,uncertain
2185.jpg,uncertain
2186.jpg,anger
2187.jpg,disgust
2188.jpg,sad
2189.jpg,anger
219.jpg,anger
2190.jpg,happy
2191.jpg,sad
2192.jpg,surprise
2193.jpg,happy
2194.jpg,surprise
2195.jpg,happy
2196.jpg,uncertain
2197.jpg,neutral
2198.jpg,neutral
2199.jpg,uncertain
22.jpg,anger
220.jpg,uncertain
2200.jpg,disgust
2201.jpg,fear
2202.jpg,uncertain
2203.jpg,fear
2204.jpg,anger
2205.jpg,sad
2206.jpg,neutral
2207.jpg,sad
2208.jpg,sad
2209.jpg,sad
221.jpg,neutral
2210.jpg,uncertain
2211.jpg,sad
2212.jpg,neutral
2213.jpg,neutral
2214.jpg,neutral
2215.jpg,anger
2216.jpg,fear
2217.jpg,surprise
2218.jpg,fear
2219.jpg,anger
222.jpg,uncertain
2220.jpg,anger
2221.jpg,neutral
2222.jpg,sad
2223.jpg,sad
2224.jpg,neutral
2225.jpg,anger
2226.jpg,anger
2227.jpg,happy
2228.jpg,neutral
2229.jpg,anger
223.jpg,surprise
2230.jpg,happy
2231.jpg,neutral
2232.jpg,neutral
2233.jpg,happy
2234.jpg,surprise
2235.jpg,contempt
2236.jpg,surprise
2237.jpg,uncertain
2238.jpg,fear
2239.jpg,contempt
224.jpg,surprise
2240.jpg,neutral
2241.jpg,sad
2242.jpg,contempt
2243.jpg,happy
2244.jpg,happy
2245.jpg,uncertain
2246.jpg,sad
2247.jpg,neutral
2248.jpg,happy
2249.jpg,uncertain
225.jpg,sad
2250.jpg,neutral
2251.jpg,surprise
2252.jpg,happy
2253.jpg,happy
2254.jpg,anger
2255.jpg,happy
2256.jpg,neutral
2257.jpg,happy
2258.jpg,sad
2259.jpg,surprise
226.jpg,neutral
2260.jpg,anger
2261.jpg,happy
2262.jpg,uncertain
2263.jpg,contempt
2264.jpg,disgust
2265.jpg,sad
2266.jpg,neutral
2267.jpg,anger
2268.jpg,happy
2269.jpg,neutral
227.jpg,neutral
2270.jpg,fear
2271.jpg,happy
2272.jpg,neutral
2273.jpg,sad
2274.jpg,anger
2275.jpg,neutral
2276.jpg,anger
2277.jpg,surprise
2278.jpg,anger
2279.jpg,happy
228.jpg,anger
2280.jpg,surprise
2281.jpg,uncertain
2282.jpg,disgust
2283.jpg,sad
2284.jpg,anger
2285.jpg,contempt
2286.jpg,anger
2287.jpg,anger
2288.jpg,uncertain
2289.jpg,happy
229.jpg,uncertain
2290.jpg,anger
2291.jpg,sad
2292.jpg,anger
2293.jpg,surprise
2294.jpg,sad
2295.jpg,surprise
2296.jpg,fear
2297.jpg,uncertain
2298.jpg,sad
2299.jpg,fear
23.jpg,anger
230.jpg,anger
2300.jpg,fear
2301.jpg,happy
2302.jpg,fear
2303.jpg,surprise
2304.jpg,surprise
2305.jpg,happy
2306.jpg,anger
2307.jpg,surprise
2308.jpg,neutral
2309.jpg,surprise
231.jpg,neutral
2310.jpg,fear
2311.jpg,neutral
2312.jpg,neutral
2313.jpg,happy
2314.jpg,anger
2315.jpg,fear
2316.jpg,sad
2317.jpg,contempt
2318.jpg,anger
2319.jpg,neutral
232.jpg,uncertain
2320.jpg,happy
2321.jpg,happy
2322.jpg,happy
2323.jpg,sad
2324.jpg,fear
2325.jpg,sad
2326.jpg,uncertain
2327.jpg,happy
2328.jpg,surprise
2329.jpg,disgust
233.jpg,uncertain
2330.jpg,uncertain
2331.jpg,sad
2332.jpg,contempt
2333.jpg,sad
2334.jpg,happy
2335.jpg,sad
2336.jpg,fear
2337.jpg,sad
2338.jpg,neutral
2339.jpg,surprise
234.jpg,anger
2340.jpg,contempt
2341.jpg,neutral
2342.jpg,uncertain
2343.jpg,uncertain
2344.jpg,neutral
2345.jpg,surprise
2346.jpg,neutral
2347.jpg,disgust
2348.jpg,sad
2349.jpg,uncertain
235.jpg,anger
2350.jpg,neutral
2351.jpg,neutral
2352.jpg,surprise
2353.jpg,anger
2354.jpg,surprise
2355.jpg,sad
2356.jpg,neutral
2357.jpg,anger
2358.jpg,uncertain
2359.jpg,neutral
236.jpg,anger
2360.jpg,sad
2361.jpg,sad
2362.jpg,happy
2363.jpg,sad
2364.jpg,sad
2365.jpg,happy
2366.jpg,anger
2367.jpg,surprise
2368.jpg,uncertain
2369.jpg,anger
237.jpg,anger
2370.jpg,neutral
2371.jpg,disgust
2372.jpg,surprise
2373.jpg,anger
2374.jpg,happy
2375.jpg,disgust
2376.jpg,anger
2377.jpg,neutral
2378.jpg,uncertain
2379.jpg,fear
238.jpg,neutral
2380.jpg,surprise
2381.jpg,happy
2382.jpg,surprise
2383.jpg,anger
2384.jpg,neutral
2385.jpg,uncertain
2386.jpg,disgust
2387.jpg,disgust
2388.jpg,fear
2389.jpg,disgust
239.jpg,anger
2390.jpg,neutral
2391.jpg,uncertain
2392.jpg,contempt
2393.jpg,neutral
2394.jpg,sad
2395.jpg,sad
2396.jpg,anger
2397.jpg,uncertain
2398.jpg,happy
2399.jpg,neutral
24.jpg,uncertain
240.jpg,anger
2400.jpg,contempt
2401.jpg,anger
2402.jpg,happy
2403.jpg,uncertain
2404.jpg,sad
2405.jpg,sad
2406.jpg,surprise
2407.jpg,fear
2408.jpg,sad
2409.jpg,neutral
241.jpg,anger
2410.jpg,happy
2411.jpg,neutral
2412.jpg,anger
2413.jpg,contempt
2414.jpg,sad
2415.jpg,uncertain
2416.jpg,happy
2417.jpg,surprise
2418.jpg,sad
2419.jpg,neutral
242.jpg,surprise
2420.jpg,disgust
2421.jpg,neutral
2422.jpg,uncertain
2423.jpg,surprise
2424.jpg,sad
2425.jpg,fear
2426.jpg,happy
2427.jpg,anger
2428.jpg,surprise
2429.jpg,neutral
243.jpg,uncertain
2430.jpg,sad
2431.jpg,neutral
2432.jpg,fear
2433.jpg,neutral
2434.jpg,contempt
2435.jpg,uncertain
2436.jpg,sad
2437.jpg,sad
2438.jpg,disgust
2439.jpg,neutral
244.jpg,sad
2440.jpg,contempt
2441.jpg,uncertain
2442.jpg,neutral
2443.jpg,sad
2444.jpg,fear
2445.jpg,surprise
2446.jpg,sad
2447.jpg,anger
2448.jpg,uncertain
2449.jpg,anger
245.jpg,surprise
2450.jpg,surprise
2451.jpg,neutral
2452.jpg,disgust
2453.jpg,neutral
2454.jpg,anger
2455.jpg,sad
2456.jpg,fear
2457.jpg,anger
2458.jpg,sad
2459.jpg,anger
246.jpg,happy
2460.jpg,neutral
2461.jpg,happy
2462.jpg,neutral
2463.jpg,fear
2464.jpg,anger
2465.jpg,neutral
2466.jpg,anger
2467.jpg,sad
2468.jpg,surprise
2469.jpg,neutral
247.jpg,surprise
2470.jpg,fear
2471.jpg,anger
2472.jpg,neutral
2473.jpg,neutral
2474.jpg,surprise
2475.jpg,sad
2476.jpg,uncertain
2477.jpg,neutral
2478.jpg,sad
2479.jpg,surprise
248.jpg,surprise
2480.jpg,fear
2481.jpg,neutral
2482.jpg,sad
2483.jpg,happy
2484.jpg,anger
2485.jpg,neutral
2486.jpg,sad
2487.jpg,sad
2488.jpg,happy
2489.jpg,neutral
249.jpg,happy
2490.jpg,uncertain
2491.jpg,anger
2492.jpg,anger
2493.jpg,sad
2494.jpg,disgust
2495.jpg,happy
2496.jpg,anger
2497.jpg,anger
2498.jpg,surprise
2499.jpg,neutral
25.jpg,fear
250.jpg,neutral
2500.jpg,fear
2501.jpg,happy
2502.jpg,neutral
2503.jpg,neutral
2504.jpg,neutral
2505.jpg,neutral
2506.jpg,happy
2507.jpg,anger
2508.jpg,contempt
2509.jpg,neutral
251.jpg,fear
2510.jpg,neutral
2511.jpg,neutral
2512.jpg,neutral
2513.jpg,sad
2514.jpg,contempt
2515.jpg,sad
2516.jpg,surprise
2517.jpg,neutral
2518.jpg,sad
2519.jpg,sad
252.jpg,neutral
2520.jpg,happy
2521.jpg,anger
2522.jpg,anger
2523.jpg,happy
2524.jpg,anger
2525.jpg,surprise
2526.jpg,neutral
2527.jpg,uncertain
2528.jpg,happy
2529.jpg,anger
253.jpg,fear
2530.jpg,uncertain
2531.jpg,anger
2532.jpg,uncertain
2533.jpg,uncertain
2534.jpg,fear
2535.jpg,fear
2536.jpg,uncertain
2537.jpg,neutral
2538.jpg,neutral
2539.jpg,surprise
254.jpg,happy
2540.jpg,fear
2541.jpg,happy
2542.jpg,uncertain
2543.jpg,neutral
2544.jpg,neutral
2545.jpg,uncertain
2546.jpg,disgust
2547.jpg,neutral
2548.jpg,happy
2549.jpg,surprise
255.jpg,happy
2550.jpg,surprise
2551.jpg,anger
2552.jpg,neutral
2553.jpg,neutral
2554.jpg,uncertain
2555.jpg,neutral
2556.jpg,neutral
2557.jpg,neutral
2558.jpg,sad
2559.jpg,happy
256.jpg,sad
2560.jpg,neutral
2561.jpg,fear
2562.jpg,neutral
2563.jpg,neutral
2564.jpg,happy
2565.jpg,anger
2566.jpg,disgust
2567.jpg,neutral
2568.jpg,sad
2569.jpg,neutral
257.jpg,happy
2570.jpg,neutral
2571.jpg,neutral
2572.jpg,happy
2573.jpg,surprise
2574.jpg,neutral
2575.jpg,neutral
2576.jpg,neutral
2577.jpg,surprise
2578.jpg,fear
2579.jpg,uncertain
258.jpg,sad
2580.jpg,fear
2581.jpg,neutral
2582.jpg,neutral
2583.jpg,neutral
2584.jpg,neutral
2585.jpg,uncertain
2586.jpg,happy
2587.jpg,anger
2588.jpg,anger
2589.jpg,fear
259.jpg,neutral
2590.jpg,anger
2591.jpg,anger
2592.jpg,surprise
2593.jpg,neutral
2594.jpg,anger
2595.jpg,anger
2596.jpg,surprise
2597.jpg,neutral
2598.jpg,surprise
2599.jpg,uncertain
26.jpg,surprise
260.jpg,sad
2600.jpg,uncertain
2601.jpg,happy
2602.jpg,happy
2603.jpg,surprise
2604.jpg,anger
2605.jpg,uncertain
2606.jpg,uncertain
2607.jpg,sad
2608.jpg,uncertain
2609.jpg,neutral
261.jpg,neutral
2610.jpg,sad
2611.jpg,anger
2612.jpg,disgust
2613.jpg,neutral
2614.jpg,uncertain
2615.jpg,fear
2616.jpg,happy
2617.jpg,happy
2618.jpg,neutral
2619.jpg,surprise
262.jpg,anger
2620.jpg,happy
2621.jpg,neutral
2622.jpg,contempt
2623.jpg,sad
2624.jpg,anger
2625.jpg,neutral
2626.jpg,neutral
2627.jpg,anger
2628.jpg,contempt
2629.jpg,fear
263.jpg,sad
2630.jpg,surprise
2631.jpg,uncertain
2632.jpg,fear
2633.jpg,surprise
2634.jpg,fear
2635.jpg,contempt
2636.jpg,disgust
2637.jpg,happy
2638.jpg,surprise
2639.jpg,neutral
264.jpg,anger
2640.jpg,uncertain
2641.jpg,anger
2642.jpg,neutral
2643.jpg,fear
2644.jpg,happy
2645.jpg,neutral
2646.jpg,neutral
2647.jpg,fear
2648.jpg,disgust
2649.jpg,neutral
265.jpg,fear
2650.jpg,surprise
2651.jpg,sad
2652.jpg,contempt
2653.jpg,anger
2654.jpg,happy
2655.jpg,happy
2656.jpg,surprise
2657.jpg,surprise
2658.jpg,sad
2659.jpg,sad
266.jpg,contempt
2660.jpg,sad
2661.jpg,sad
2662.jpg,contempt
2663.jpg,anger
2664.jpg,neutral
2665.jpg,sad
2666.jpg,fear
2667.jpg,neutral
2668.jpg,anger
2669.jpg,anger
267.jpg,neutral
2670.jpg,surprise
2671.jpg,happy
2672.jpg,neutral
2673.jpg,surprise
2674.jpg,neutral
2675.jpg,neutral
2676.jpg,uncertain
2677.jpg,sad
2678.jpg,happy
2679.jpg,neutral
268.jpg,surprise
2680.jpg,sad
2681.jpg,sad
2682.jpg,sad
2683.jpg,sad
2684.jpg,disgust
2685.jpg,sad
2686.jpg,sad
2687.jpg,sad
2688.jpg,sad
2689.jpg,neutral
269.jpg,surprise
2690.jpg,neutral
2691.jpg,anger
2692.jpg,sad
2693.jpg,neutral
2694.jpg,fear
2695.jpg,surprise
2696.jpg,neutral
2697.jpg,surprise
2698.jpg,happy
2699.jpg,anger
27.jpg,neutral
270.jpg,anger
2700.jpg,happy
2701.jpg,sad
2702.jpg,uncertain
2703.jpg,surprise
2704.jpg,neutral
2705.jpg,surprise
2706.jpg,surprise
2707.jpg,anger
2708.jpg,anger
2709.jpg,neutral
271.jpg,anger
2710.jpg,sad
2711.jpg,anger
2712.jpg,anger
2713.jpg,neutral
2714.jpg,anger
2715.jpg,surprise
2716.jpg,fear
2717.jpg,anger
2718.jpg,neutral
2719.jpg,fear
272.jpg,uncertain
2720.jpg,fear
2721.jpg,uncertain
2722.jpg,neutral
2723.jpg,happy
2724.jpg,contempt
2725.jpg,happy
2726.jpg,anger
2727.jpg,surprise
2728.jpg,fear
2729.jpg,anger
273.jpg,anger
2730.jpg,anger
2731.jpg,uncertain
2732.jpg,neutral
2733.jpg,surprise
2734.jpg,neutral
2735.jpg,neutral
2736.jpg,surprise
2737.jpg,neutral
2738.jpg,surprise
2739.jpg,anger
274.jpg,happy
2740.jpg,anger
2741.jpg,anger
2742.jpg,surprise
2743.jpg,surprise
2744.jpg,uncertain
2745.jpg,fear
2746.jpg,disgust
2747.jpg,anger
2748.jpg,uncertain
2749.jpg,sad
275.jpg,sad
2750.jpg,neutral
2751.jpg,anger
2752.jpg,fear
2753.jpg,happy
2754.jpg,neutral
2755.jpg,surprise
2756.jpg,fear
2757.jpg,anger
2758.jpg,happy
2759.jpg,neutral
276.jpg,fear
2760.jpg,uncertain
2761.jpg,neutral
2762.jpg,neutral
2763.jpg,happy
2764.jpg,neutral
2765.jpg,neutral
2766.jpg,sad
2767.jpg,surprise
2768.jpg,contempt
2769.jpg,anger
277.jpg,neutral
2770.jpg,happy
2771.jpg,sad
2772.jpg,fear
2773.jpg,anger
2774.jpg,happy
2775.jpg,disgust
2776.jpg,neutral
2777.jpg,surprise
2778.jpg,sad
2779.jpg,sad
278.jpg,uncertain
2780.jpg,surprise
2781.jpg,anger
2782.jpg,fear
2783.jpg,neutral
2784.jpg,sad
2785.jpg,fear
2786.jpg,happy
2787.jpg,sad
2788.jpg,neutral
2789.jpg,neutral
279.jpg,neutral
2790.jpg,surprise
2791.jpg,surprise
2792.jpg,neutral
2793.jpg,anger
2794.jpg,fear
2795.jpg,anger
2796.jpg,sad
2797.jpg,anger
2798.jpg,uncertain
2799.jpg,neutral
28.jpg,uncertain
280.jpg,anger
2800.jpg,happy
2801.jpg,fear
2802.jpg,fear
2803.jpg,happy
2804.jpg,surprise
2805.jpg,anger
2806.jpg,anger
2807.jpg,disgust
2808.jpg,surprise
2809.jpg,neutral
281.jpg,uncertain
2810.jpg,sad
2811.jpg,sad
2812.jpg,uncertain
2813.jpg,uncertain
2814.jpg,surprise
2815.jpg,neutral
2816.jpg,uncertain
2817.jpg,contempt
2818.jpg,fear
2819.jpg,uncertain
282.jpg,neutral
2820.jpg,happy
2821.jpg,sad
2822.jpg,surprise
2823.jpg,anger
2824.jpg,surprise
2825.jpg,surprise
2826.jpg,fear
2827.jpg,sad
2828.jpg,sad
2829.jpg,neutral
283.jpg,fear
2830.jpg,fear
2831.jpg,uncertain
2832.jpg,neutral
2833.jpg,fear
2834.jpg,neutral
2835.jpg,fear
2836.jpg,sad
2837.jpg,anger
2838.jpg,anger
2839.jpg,neutral
284.jpg,fear
2840.jpg,neutral
2841.jpg,neutral
2842.jpg,neutral
2843.jpg,fear
2844.jpg,surprise
2845.jpg,uncertain
2846.jpg,neutral
2847.jpg,sad
2848.jpg,neutral
2849.jpg,surprise
285.jpg,disgust
2850.jpg,neutral
2851.jpg,contempt
2852.jpg,neutral
2853.jpg,anger
2854.jpg,fear
2855.jpg,anger
2856.jpg,neutral
2857.jpg,fear
2858.jpg,contempt
2859.jpg,neutral
286.jpg,uncertain
2860.jpg,anger
2861.jpg,fear
2862.jpg,uncertain
2863.jpg,neutral
2864.jpg,anger
2865.jpg,sad
2866.jpg,surprise
2867.jpg,neutral
2868.jpg,sad
2869.jpg,fear
287.jpg,sad
2870.jpg,surprise
2871.jpg,sad
2872.jpg,disgust
2873.jpg,fear
2874.jpg,surprise
2875.jpg,fear
2876.jpg,fear
2877.jpg,uncertain
2878.jpg,sad
2879.jpg,fear
288.jpg,happy
2880.jpg,happy
2881.jpg,disgust
2882.jpg,neutral
2883.jpg,happy
2884.jpg,sad
2885.jpg,neutral
2886.jpg,anger
2887.jpg,happy
2888.jpg,sad
2889.jpg,neutral
289.jpg,sad
2890.jpg,surprise
2891.jpg,anger
2892.jpg,neutral
2893.jpg,uncertain
2894.jpg,surprise
2895.jpg,fear
2896.jpg,surprise
2897.jpg,contempt
2898.jpg,sad
2899.jpg,fear
29.jpg,anger
290.jpg,uncertain
2900.jpg,surprise
2901.jpg,anger
2902.jpg,neutral
2903.jpg,happy
2904.jpg,anger
2905.jpg,neutral
2906.jpg,contempt
2907.jpg,neutral
2908.jpg,anger
2909.jpg,neutral
291.jpg,neutral
2910.jpg,surprise
2911.jpg,surprise
2912.jpg,sad
2913.jpg,neutral
2914.jpg,happy
2915.jpg,sad
2916.jpg,anger
2917.jpg,uncertain
2918.jpg,uncertain
2919.jpg,neutral
292.jpg,uncertain
2920.jpg,neutral
2921.jpg,anger
2922.jpg,neutral
2923.jpg,sad
2924.jpg,sad
2925.jpg,happy
2926.jpg,neutral
2927.jpg,neutral
2928.jpg,neutral
2929.jpg,anger
293.jpg,happy
2930.jpg,sad
2931.jpg,surprise
2932.jpg,sad
2933.jpg,happy
2934.jpg,anger
2935.jpg,uncertain
2936.jpg,anger
2937.jpg,sad
2938.jpg,neutral
2939.jpg,neutral
294.jpg,uncertain
2940.jpg,happy
2941.jpg,neutral
2942.jpg,neutral
2943.jpg,sad
2944.jpg,sad
2945.jpg,happy
2946.jpg,anger
2947.jpg,sad
2948.jpg,neutral
2949.jpg,neutral
295.jpg,uncertain
2950.jpg,happy
2951.jpg,anger
2952.jpg,neutral
2953.jpg,happy
2954.jpg,neutral
2955.jpg,anger
2956.jpg,fear
2957.jpg,anger
2958.jpg,anger
2959.jpg,neutral
296.jpg,happy
2960.jpg,anger
2961.jpg,fear
2962.jpg,sad
2963.jpg,sad
2964.jpg,fear
2965.jpg,neutral
2966.jpg,happy
2967.jpg,surprise
2968.jpg,fear
2969.jpg,surprise
297.jpg,surprise
2970.jpg,uncertain
2971.jpg,contempt
2972.jpg,sad
2973.jpg,disgust
2974.jpg,sad
2975.jpg,surprise
2976.jpg,anger
2977.jpg,neutral
2978.jpg,sad
2979.jpg,uncertain
298.jpg,fear
2980.jpg,anger
2981.jpg,neutral
2982.jpg,anger
2983.jpg,anger
2984.jpg,sad
2985.jpg,surprise
2986.jpg,anger
2987.jpg,neutral
2988.jpg,contempt
2989.jpg,disgust
299.jpg,happy
2990.jpg,sad
2991.jpg,fear
2992.jpg,contempt
2993.jpg,disgust
2994.jpg,contempt
2995.jpg,happy
2996.jpg,contempt
2997.jpg,neutral
2998.jpg,surprise
2999.jpg,neutral
3.jpg,anger
30.jpg,fear
300.jpg,fear
3000.jpg,neutral
3001.jpg,happy
3002.jpg,sad
3003.jpg,surprise
3004.jpg,surprise
3005.jpg,fear
3006.jpg,disgust
3007.jpg,surprise
3008.jpg,neutral
3009.jpg,anger
301.jpg,happy
3010.jpg,fear
3011.jpg,anger
3012.jpg,fear
3013.jpg,contempt
3014.jpg,sad
3015.jpg,happy
3016.jpg,neutral
3017.jpg,neutral
3018.jpg,neutral
3019.jpg,happy
302.jpg,sad
3020.jpg,happy
3021.jpg,sad
3022.jpg,neutral
3023.jpg,uncertain
3024.jpg,contempt
3025.jpg,fear
3026.jpg,neutral
3027.jpg,sad
3028.jpg,happy
3029.jpg,surprise
303.jpg,fear
3030.jpg,anger
3031.jpg,neutral
3032.jpg,disgust
3033.jpg,happy
3034.jpg,uncertain
3035.jpg,disgust
3036.jpg,neutral
3037.jpg,uncertain
3038.jpg,uncertain
3039.jpg,happy
304.jpg,neutral
3040.jpg,uncertain
3041.jpg,contempt
3042.jpg,anger
3043.jpg,sad
3044.jpg,happy
3045.jpg,disgust
3046.jpg,neutral
3047.jpg,surprise
3048.jpg,disgust
3049.jpg,neutral
305.jpg,surprise
3050.jpg,surprise
3051.jpg,surprise
3052.jpg,contempt
3053.jpg,uncertain
3054.jpg,anger
3055.jpg,surprise
3056.jpg,anger
3057.jpg,neutral
3058.jpg,anger
3059.jpg,contempt
306.jpg,surprise
3060.jpg,fear
3061.jpg,uncertain
3062.jpg,sad
3063.jpg,sad
3064.jpg,sad
3065.jpg,surprise
3066.jpg,fear
3067.jpg,disgust
3068.jpg,happy
3069.jpg,neutral
307.jpg,sad
3070.jpg,sad
3071.jpg,happy
3072.jpg,happy
3073.jpg,happy
3074.jpg,contempt
3075.jpg,happy
3076.jpg,disgust
3077.jpg,happy
3078.jpg,uncertain
3079.jpg,anger
308.jpg,neutral
3080.jpg,surprise
3081.jpg,sad
3082.jpg,surprise
3083.jpg,fear
3084.jpg,neutral
3085.jpg,sad
3086.jpg,disgust
3087.jpg,neutral
3088.jpg,surprise
3089.jpg,sad
309.jpg,happy
3090.jpg,fear
3091.jpg,happy
3092.jpg,sad
3093.jpg,anger
3094.jpg,surprise
3095.jpg,neutral
3096.jpg,happy
3097.jpg,neutral
3098.jpg,anger
3099.jpg,happy
31.jpg,sad
310.jpg,sad
3100.jpg,anger
3101.jpg,neutral
3102.jpg,neutral
3103.jpg,neutral
3104.jpg,disgust
3105.jpg,happy
3106.jpg,uncertain
3107.jpg,surprise
3108.jpg,uncertain
3109.jpg,neutral
311.jpg,sad
3110.jpg,surprise
3111.jpg,happy
3112.jpg,contempt
3113.jpg,sad
3114.jpg,sad
3115.jpg,anger
3116.jpg,anger
3117.jpg,happy
3118.jpg,fear
3119.jpg,surprise
312.jpg,happy
3120.jpg,surprise
3121.jpg,uncertain
3122.jpg,sad
3123.jpg,happy
3124.jpg,fear
3125.jpg,neutral
3126.jpg,happy
3127.jpg,uncertain
3128.jpg,contempt
3129.jpg,neutral
313.jpg,uncertain
3130.jpg,surprise
3131.jpg,fear
3132.jpg,uncertain
3133.jpg,surprise
3134.jpg,uncertain
3135.jpg,sad
3136.jpg,happy
3137.jpg,anger
3138.jpg,surprise
3139.jpg,neutral
314.jpg,surprise
3140.jpg,anger
3141.jpg,neutral
3142.jpg,surprise
3143.jpg,anger
3144.jpg,anger
3145.jpg,surprise
3146.jpg,sad
3147.jpg,sad
3148.jpg,surprise
3149.jpg,uncertain
315.jpg,neutral
3150.jpg,fear
3151.jpg,neutral
3152.jpg,uncertain
3153.jpg,neutral
3154.jpg,anger
3155.jpg,neutral
3156.jpg,fear
3157.jpg,neutral
3158.jpg,uncertain
3159.jpg,contempt
316.jpg,fear
3160.jpg,disgust
3161.jpg,happy
3162.jpg,neutral
3163.jpg,sad
3164.jpg,neutral
3165.jpg,happy
3166.jpg,surprise
3167.jpg,contempt
3168.jpg,anger
3169.jpg,fear
317.jpg,neutral
3170.jpg,anger
3171.jpg,sad
3172.jpg,neutral
3173.jpg,anger
3174.jpg,uncertain
3175.jpg,uncertain
3176.jpg,happy
3177.jpg,neutral
3178.jpg,disgust
3179.jpg,neutral
318.jpg,disgust
3180.jpg,fear
3181.jpg,surprise
3182.jpg,sad
3183.jpg,fear
3184.jpg,anger
3185.jpg,uncertain
3186.jpg,surprise
3187.jpg,uncertain
3188.jpg,fear
3189.jpg,anger
319.jpg,uncertain
3190.jpg,uncertain
3191.jpg,anger
3192.jpg,happy
3193.jpg,happy
3194.jpg,happy
3195.jpg,contempt
3196.jpg,surprise
3197.jpg,disgust
3198.jpg,anger
3199.jpg,sad
32.jpg,neutral
320.jpg,neutral
3200.jpg,uncertain
3201.jpg,neutral
3202.jpg,sad
3203.jpg,neutral
3204.jpg,neutral
3205.jpg,neutral
3206.jpg,surprise
3207.jpg,contempt
3208.jpg,anger
3209.jpg,sad
321.jpg,surprise
3210.jpg,anger
3211.jpg,uncertain
3212.jpg,sad
3213.jpg,anger
3214.jpg,neutral
3215.jpg,sad
3216.jpg,anger
3217.jpg,neutral
3218.jpg,neutral
3219.jpg,contempt
322.jpg,happy
3220.jpg,sad
3221.jpg,anger
3222.jpg,surprise
3223.jpg,fear
3224.jpg,contempt
3225.jpg,neutral
3226.jpg,surprise
3227.jpg,anger
3228.jpg,anger
3229.jpg,sad
323.jpg,neutral
3230.jpg,happy
3231.jpg,uncertain
3232.jpg,anger
3233.jpg,sad
3234.jpg,surprise
3235.jpg,happy
3236.jpg,anger
3237.jpg,anger
3238.jpg,surprise
3239.jpg,neutral
324.jpg,fear
3240.jpg,anger
3241.jpg,neutral
3242.jpg,happy
3243.jpg,neutral
3244.jpg,happy
3245.jpg,neutral
3246.jpg,happy
3247.jpg,uncertain
3248.jpg,sad
3249.jpg,anger
325.jpg,happy
3250.jpg,sad
3251.jpg,happy
3252.jpg,sad
3253.jpg,sad
3254.jpg,neutral
3255.jpg,neutral
3256.jpg,contempt
3257.jpg,fear
3258.jpg,fear
3259.jpg,surprise
326.jpg,happy
3260.jpg,uncertain
3261.jpg,sad
3262.jpg,surprise
3263.jpg,happy
3264.jpg,contempt
3265.jpg,fear
3266.jpg,neutral
3267.jpg,uncertain
3268.jpg,sad
3269.jpg,anger
327.jpg,anger
3270.jpg,contempt
3271.jpg,fear
3272.jpg,anger
3273.jpg,surprise
3274.jpg,happy
3275.jpg,surprise
3276.jpg,surprise
3277.jpg,uncertain
3278.jpg,uncertain
3279.jpg,neutral
328.jpg,happy
3280.jpg,fear
3281.jpg,anger
3282.jpg,contempt
3283.jpg,fear
3284.jpg,neutral
3285.jpg,sad
3286.jpg,surprise
3287.jpg,fear
3288.jpg,anger
3289.jpg,uncertain
329.jpg,surprise
3290.jpg,surprise
3291.jpg,neutral
3292.jpg,surprise
3293.jpg,happy
3294.jpg,anger
3295.jpg,anger
3296.jpg,neutral
3297.jpg,surprise
3298.jpg,uncertain
3299.jpg,anger
33.jpg,surprise
330.jpg,neutral
3300.jpg,anger
3301.jpg,neutral
3302.jpg,happy
3303.jpg,neutral
3304.jpg,happy
3305.jpg,contempt
3306.jpg,neutral
3307.jpg,neutral
3308.jpg,uncertain
3309.jpg,sad
331.jpg,anger
3310.jpg,happy
3311.jpg,happy
3312.jpg,uncertain
3313.jpg,neutral
3314.jpg,disgust
3315.jpg,neutral
3316.jpg,sad
3317.jpg,sad
3318.jpg,surprise
3319.jpg,neutral
332.jpg,surprise
3320.jpg,sad
3321.jpg,neutral
3322.jpg,surprise
3323.jpg,happy
3324.jpg,disgust
3325.jpg,uncertain
3326.jpg,surprise
3327.jpg,neutral
3328.jpg,uncertain
3329.jpg,surprise
333.jpg,disgust
3330.jpg,surprise
3331.jpg,neutral
3332.jpg,neutral
3333.jpg,surprise
3334.jpg,uncertain
3335.jpg,happy
3336.jpg,anger
3337.jpg,anger
3338.jpg,neutral
3339.jpg,uncertain
334.jpg,anger
3340.jpg,anger
3341.jpg,fear
3342.jpg,neutral
3343.jpg,surprise
3344.jpg,neutral
3345.jpg,happy
3346.jpg,fear
3347.jpg,happy
3348.jpg,sad
3349.jpg,anger
335.jpg,anger
3350.jpg,anger
3351.jpg,anger
3352.jpg,surprise
3353.jpg,surprise
3354.jpg,fear
3355.jpg,contempt
3356.jpg,uncertain
3357.jpg,neutral
3358.jpg,happy
3359.jpg,uncertain
336.jpg,sad
3360.jpg,sad
3361.jpg,neutral
3362.jpg,uncertain
3363.jpg,surprise
3364.jpg,neutral
3365.jpg,anger
3366.jpg,happy
3367.jpg,fear
3368.jpg,happy
3369.jpg,contempt
337.jpg,neutral
3370.jpg,fear
3371.jpg,anger
3372.jpg,surprise
3373.jpg,uncertain
3374.jpg,anger
3375.jpg,surprise
3376.jpg,happy
3377.jpg,neutral
3378.jpg,sad
3379.jpg,surprise
338.jpg,uncertain
3380.jpg,anger
3381.jpg,surprise
3382.jpg,uncertain
3383.jpg,fear
3384.jpg,surprise
3385.jpg,disgust
3386.jpg,contempt
3387.jpg,sad
3388.jpg,surprise
3389.jpg,surprise
339.jpg,contempt
3390.jpg,fear
3391.jpg,happy
3392.jpg,sad
3393.jpg,sad
3394.jpg,uncertain
3395.jpg,neutral
3396.jpg,contempt
3397.jpg,neutral
3398.jpg,neutral
3399.jpg,neutral
34.jpg,neutral
340.jpg,surprise
3400.jpg,happy
3401.jpg,sad
3402.jpg,neutral
3403.jpg,sad
3404.jpg,disgust
3405.jpg,sad
3406.jpg,anger
3407.jpg,uncertain
3408.jpg,neutral
3409.jpg,sad
341.jpg,surprise
3410.jpg,disgust
3411.jpg,neutral
3412.jpg,happy
3413.jpg,sad
3414.jpg,uncertain
3415.jpg,happy
3416.jpg,contempt
3417.jpg,neutral
3418.jpg,anger
3419.jpg,disgust
342.jpg,anger
3420.jpg,surprise
3421.jpg,neutral
3422.jpg,disgust
3423.jpg,sad
3424.jpg,contempt
3425.jpg,uncertain
3426.jpg,happy
3427.jpg,happy
3428.jpg,anger
3429.jpg,fear
343.jpg,contempt
3430.jpg,anger
3431.jpg,neutral
3432.jpg,contempt
3433.jpg,anger
3434.jpg,sad
3435.jpg,neutral
3436.jpg,fear
3437.jpg,surprise
3438.jpg,sad
3439.jpg,anger
344.jpg,sad
3440.jpg,sad
3441.jpg,contempt
3442.jpg,surprise
3443.jpg,sad
3444.jpg,uncertain
3445.jpg,anger
3446.jpg,contempt
3447.jpg,neutral
3448.jpg,fear
3449.jpg,sad
345.jpg,disgust
3450.jpg,surprise
3451.jpg,fear
3452.jpg,disgust
3453.jpg,happy
3454.jpg,anger
3455.jpg,fear
3456.jpg,happy
3457.jpg,anger
3458.jpg,sad
3459.jpg,anger
346.jpg,neutral
3460.jpg,happy
3461.jpg,neutral
3462.jpg,anger
3463.jpg,contempt
3464.jpg,neutral
3465.jpg,happy
3466.jpg,anger
3467.jpg,neutral
3468.jpg,neutral
3469.jpg,neutral
347.jpg,neutral
3470.jpg,sad
3471.jpg,surprise
3472.jpg,sad
3473.jpg,contempt
3474.jpg,sad
3475.jpg,sad
3476.jpg,uncertain
3477.jpg,surprise
3478.jpg,neutral
3479.jpg,sad
348.jpg,happy
3480.jpg,anger
3481.jpg,neutral
3482.jpg,fear
3483.jpg,contempt
3484.jpg,neutral
3485.jpg,happy
3486.jpg,happy
3487.jpg,anger
3488.jpg,contempt
3489.jpg,contempt
349.jpg,happy
3490.jpg,fear
3491.jpg,surprise
3492.jpg,surprise
3493.jpg,fear
3494.jpg,happy
3495.jpg,happy
3496.jpg,happy
3497.jpg,neutral
3498.jpg,neutral
3499.jpg,surprise
35.jpg,neutral
350.jpg,neutral
3500.jpg,neutral
3501.jpg,happy
3502.jpg,happy
3503.jpg,uncertain
3504.jpg,happy
3505.jpg,contempt
3506.jpg,uncertain
3507.jpg,neutral
3508.jpg,neutral
3509.jpg,neutral
351.jpg,surprise
3510.jpg,uncertain
3511.jpg,sad
3512.jpg,sad
3513.jpg,uncertain
3514.jpg,neutral
3515.jpg,sad
3516.jpg,neutral
3517.jpg,uncertain
3518.jpg,disgust
3519.jpg,sad
352.jpg,neutral
3520.jpg,happy
3521.jpg,anger
3522.jpg,neutral
3523.jpg,sad
3524.jpg,surprise
3525.jpg,surprise
3526.jpg,happy
3527.jpg,fear
3528.jpg,happy
3529.jpg,fear
353.jpg,anger
3530.jpg,anger
3531.jpg,sad
3532.jpg,fear
3533.jpg,neutral
3534.jpg,uncertain
3535.jpg,neutral
3536.jpg,sad
3537.jpg,happy
3538.jpg,disgust
3539.jpg,neutral
354.jpg,sad
3540.jpg,fear
3541.jpg,surprise
3542.jpg,fear
3543.jpg,disgust
3544.jpg,uncertain
3545.jpg,happy
3546.jpg,anger
3547.jpg,neutral
3548.jpg,uncertain
3549.jpg,contempt
355.jpg,contempt
3550.jpg,sad
3551.jpg,surprise
3552.jpg,neutral
3553.jpg,anger
3554.jpg,anger
3555.jpg,disgust
3556.jpg,anger
3557.jpg,anger
3558.jpg,neutral
3559.jpg,fear
356.jpg,neutral
3560.jpg,anger
3561.jpg,uncertain
3562.jpg,sad
3563.jpg,fear
3564.jpg,uncertain
3565.jpg,anger
3566.jpg,uncertain
3567.jpg,surprise
3568.jpg,surprise
3569.jpg,sad
357.jpg,anger
3570.jpg,neutral
3571.jpg,neutral
3572.jpg,surprise
3573.jpg,happy
3574.jpg,neutral
3575.jpg,contempt
3576.jpg,neutral
3577.jpg,neutral
3578.jpg,neutral
3579.jpg,contempt
358.jpg,fear
3580.jpg,contempt
3581.jpg,disgust
3582.jpg,contempt
3583.jpg,anger
3584.jpg,uncertain
3585.jpg,neutral
3586.jpg,happy
3587.jpg,surprise
3588.jpg,anger
3589.jpg,neutral
359.jpg,happy
3590.jpg,contempt
3591.jpg,anger
3592.jpg,uncertain
3593.jpg,uncertain
3594.jpg,happy
3595.jpg,uncertain
3596.jpg,anger
3597.jpg,sad
3598.jpg,neutral
3599.jpg,neutral
36.jpg,happy
360.jpg,anger
3600.jpg,fear
3601.jpg,neutral
3602.jpg,happy
3603.jpg,surprise
3604.jpg,sad
3605.jpg,neutral
3606.jpg,surprise
3607.jpg,uncertain
3608.jpg,happy
3609.jpg,surprise
361.jpg,anger
3610.jpg,contempt
3611.jpg,uncertain
3612.jpg,fear
3613.jpg,neutral
3614.jpg,fear
3615.jpg,anger
3616.jpg,neutral
3617.jpg,neutral
3618.jpg,fear
3619.jpg,anger
362.jpg,neutral
3620.jpg,uncertain
3621.jpg,anger
3622.jpg,sad
3623.jpg,happy
3624.jpg,contempt
3625.jpg,anger
3626.jpg,fear
3627.jpg,happy
3628.jpg,neutral
3629.jpg,fear
363.jpg,happy
3630.jpg,anger
3631.jpg,neutral
3632.jpg,anger
3633.jpg,anger
3634.jpg,neutral
3635.jpg,fear
3636.jpg,anger
3637.jpg,fear
3638.jpg,sad
3639.jpg,anger
364.jpg,anger
3640.jpg,neutral
3641.jpg,contempt
3642.jpg,uncertain
3643.jpg,surprise
3644.jpg,anger
3645.jpg,happy
3646.jpg,contempt
3647.jpg,surprise
3648.jpg,happy
3649.jpg,contempt
365.jpg,disgust
3650.jpg,happy
3651.jpg,contempt
3652.jpg,uncertain
3653.jpg,sad
3654.jpg,happy
3655.jpg,fear
3656.jpg,neutral
3657.jpg,anger
3658.jpg,neutral
3659.jpg,anger
366.jpg,anger
3660.jpg,surprise
3661.jpg,happy
3662.jpg,anger
3663.jpg,fear
3664.jpg,neutral
3665.jpg,anger
3666.jpg,fear
3667.jpg,anger
3668.jpg,happy
3669.jpg,sad
367.jpg,anger
3670.jpg,anger
3671.jpg,anger
3672.jpg,neutral
3673.jpg,neutral
3674.jpg,fear
3675.jpg,neutral
3676.jpg,neutral
3677.jpg,sad
3678.jpg,uncertain
3679.jpg,disgust
368.jpg,anger
3680.jpg,neutral
3681.jpg,anger
3682.jpg,neutral
3683.jpg,sad
3684.jpg,happy
3685.jpg,neutral
3686.jpg,anger
3687.jpg,anger
3688.jpg,happy
3689.jpg,surprise
369.jpg,uncertain
3690.jpg,sad
3691.jpg,uncertain
3692.jpg,sad
3693.jpg,happy
3694.jpg,disgust
3695.jpg,surprise
3696.jpg,sad
3697.jpg,neutral
3698.jpg,sad
3699.jpg,anger
37.jpg,surprise
370.jpg,fear
3700.jpg,neutral
3701.jpg,happy
3702.jpg,disgust
3703.jpg,contempt
3704.jpg,neutral
3705.jpg,contempt
3706.jpg,neutral
3707.jpg,uncertain
3708.jpg,fear
3709.jpg,uncertain
371.jpg,disgust
3710.jpg,neutral
3711.jpg,anger
3712.jpg,surprise
3713.jpg,anger
3714.jpg,sad
3715.jpg,uncertain
3716.jpg,neutral
3717.jpg,uncertain
3718.jpg,fear
3719.jpg,uncertain
372.jpg,disgust
3720.jpg,sad
3721.jpg,anger
3722.jpg,disgust
3723.jpg,surprise
3724.jpg,uncertain
3725.jpg,sad
3726.jpg,sad
3727.jpg,disgust
3728.jpg,neutral
3729.jpg,neutral
373.jpg,happy
3730.jpg,anger
3731.jpg,contempt
3732.jpg,neutral
3733.jpg,happy
3734.jpg,contempt
3735.jpg,neutral
3736.jpg,surprise
3737.jpg,happy
3738.jpg,sad
3739.jpg,fear
374.jpg,happy
3740.jpg,uncertain
3741.jpg,uncertain
3742.jpg,sad
3743.jpg,sad
3744.jpg,anger
3745.jpg,anger
3746.jpg,sad
3747.jpg,anger
3748.jpg,surprise
3749.jpg,sad
375.jpg,uncertain
3750.jpg,surprise
3751.jpg,neutral
3752.jpg,sad
3753.jpg,neutral
3754.jpg,sad
3755.jpg,surprise
3756.jpg,happy
3757.jpg,neutral
3758.jpg,uncertain
3759.jpg,neutral
376.jpg,uncertain
3760.jpg,sad
3761.jpg,anger
3762.jpg,neutral
3763.jpg,uncertain
3764.jpg,sad
3765.jpg,fear
3766.jpg,anger
3767.jpg,surprise
3768.jpg,surprise
3769.jpg,fear
377.jpg,sad
3770.jpg,contempt
3771.jpg,neutral
3772.jpg,happy
3773.jpg,sad
3774.jpg,neutral
3775.jpg,disgust
3776.jpg,fear
3777.jpg,neutral
3778.jpg,happy
3779.jpg,neutral
378.jpg,neutral
3780.jpg,happy
3781.jpg,anger
3782.jpg,happy
3783.jpg,sad
3784.jpg,surprise
3785.jpg,surprise
3786.jpg,anger
3787.jpg,fear
3788.jpg,neutral
3789.jpg,disgust
379.jpg,surprise
3790.jpg,uncertain
3791.jpg,anger
3792.jpg,surprise
3793.jpg,neutral
3794.jpg,sad
3795.jpg,sad
3796.jpg,anger
3797.jpg,sad
3798.jpg,surprise
3799.jpg,fear
38.jpg,uncertain
380.jpg,surprise
3800.jpg,happy
3801.jpg,neutral
3802.jpg,uncertain
3803.jpg,surprise
3804.jpg,anger
3805.jpg,disgust
3806.jpg,fear
3807.jpg,sad
3808.jpg,happy
3809.jpg,contempt
381.jpg,contempt
3810.jpg,sad
3811.jpg,sad
3812.jpg,anger
3813.jpg,happy
3814.jpg,contempt
3815.jpg,anger
3816.jpg,neutral
3817.jpg,surprise
3818.jpg,neutral
3819.jpg,neutral
382.jpg,contempt
3820.jpg,anger
3821.jpg,surprise
3822.jpg,contempt
3823.jpg,anger
3824.jpg,happy
3825.jpg,uncertain
3826.jpg,anger
3827.jpg,happy
3828.jpg,neutral
3829.jpg,happy
383.jpg,uncertain
3830.jpg,surprise
3831.jpg,surprise
3832.jpg,neutral
3833.jpg,fear
3834.jpg,surprise
3835.jpg,neutral
3836.jpg,neutral
3837.jpg,anger
3838.jpg,contempt
3839.jpg,happy
384.jpg,anger
3840.jpg,fear
3841.jpg,anger
3842.jpg,neutral
3843.jpg,anger
3844.jpg,neutral
3845.jpg,fear
3846.jpg,sad
3847.jpg,sad
3848.jpg,fear
3849.jpg,fear
385.jpg,surprise
3850.jpg,fear
3851.jpg,anger
3852.jpg,fear
3853.jpg,neutral
3854.jpg,contempt
3855.jpg,fear
3856.jpg,neutral
3857.jpg,surprise
3858.jpg,sad
3859.jpg,uncertain
386.jpg,fear
3860.jpg,sad
3861.jpg,happy
3862.jpg,contempt
3863.jpg,neutral
3864.jpg,neutral
3865.jpg,uncertain
3866.jpg,surprise
3867.jpg,surprise
3868.jpg,neutral
3869.jpg,sad
387.jpg,anger
3870.jpg,happy
3871.jpg,contempt
3872.jpg,surprise
3873.jpg,happy
3874.jpg,surprise
3875.jpg,sad
3876.jpg,disgust
3877.jpg,surprise
3878.jpg,happy
3879.jpg,anger
388.jpg,disgust
3880.jpg,neutral
3881.jpg,anger
3882.jpg,uncertain
3883.jpg,sad
3884.jpg,anger
3885.jpg,fear
3886.jpg,anger
3887.jpg,sad
3888.jpg,neutral
3889.jpg,sad
389.jpg,anger
3890.jpg,anger
3891.jpg,happy
3892.jpg,uncertain
3893.jpg,sad
3894.jpg,neutral
3895.jpg,neutral
3896.jpg,fear
3897.jpg,neutral
3898.jpg,neutral
3899.jpg,fear
39.jpg,neutral
390.jpg,surprise
3900.jpg,neutral
3901.jpg,happy
3902.jpg,sad
3903.jpg,uncertain
3904.jpg,disgust
3905.jpg,neutral
3906.jpg,sad
3907.jpg,anger
3908.jpg,sad
3909.jpg,neutral
391.jpg,uncertain
3910.jpg,happy
3911.jpg,sad
3912.jpg,surprise
3913.jpg,happy
3914.jpg,neutral
3915.jpg,uncertain
3916.jpg,uncertain
3917.jpg,uncertain
3918.jpg,uncertain
3919.jpg,neutral
392.jpg,happy
3920.jpg,uncertain
3921.jpg,surprise
3922.jpg,neutral
3923.jpg,surprise
3924.jpg,sad
3925.jpg,sad
3926.jpg,disgust
3927.jpg,anger
3928.jpg,neutral
3929.jpg,contempt
393.jpg,anger
3930.jpg,sad
3931.jpg,sad
3932.jpg,sad
3933.jpg,anger
3934.jpg,anger
3935.jpg,surprise
3936.jpg,sad
3937.jpg,anger
3938.jpg,happy
3939.jpg,happy
394.jpg,neutral
3940.jpg,contempt
3941.jpg,neutral
3942.jpg,neutral
3943.jpg,neutral
3944.jpg,sad
3945.jpg,sad
3946.jpg,anger
3947.jpg,fear
3948.jpg,anger
3949.jpg,neutral
395.jpg,neutral
3950.jpg,surprise
3951.jpg,uncertain
3952.jpg,disgust
3953.jpg,surprise
3954.jpg,uncertain
3955.jpg,neutral
3956.jpg,surprise
3957.jpg,neutral
3958.jpg,anger
3959.jpg,uncertain
396.jpg,fear
3960.jpg,anger
3961.jpg,happy
3962.jpg,uncertain
3963.jpg,neutral
3964.jpg,sad
3965.jpg,fear
3966.jpg,uncertain
3967.jpg,neutral
3968.jpg,anger
3969.jpg,anger
397.jpg,surprise
3970.jpg,disgust
3971.jpg,happy
3972.jpg,happy
3973.jpg,surprise
3974.jpg,disgust
3975.jpg,neutral
3976.jpg,happy
3977.jpg,sad
3978.jpg,neutral
3979.jpg,neutral
398.jpg,fear
3980.jpg,anger
3981.jpg,surprise
3982.jpg,anger
3983.jpg,sad
3984.jpg,uncertain
3985.jpg,fear
3986.jpg,uncertain
3987.jpg,happy
3988.jpg,anger
3989.jpg,neutral
399.jpg,sad
3990.jpg,contempt
3991.jpg,sad
3992.jpg,surprise
3993.jpg,anger
3994.jpg,neutral
3995.jpg,sad
3996.jpg,happy
3997.jpg,fear
3998.jpg,contempt
3999.jpg,neutral
4.jpg,neutral
40.jpg,anger
400.jpg,happy
4000.jpg,neutral
4001.jpg,sad
4002.jpg,contempt
4003.jpg,neutral
4004.jpg,neutral
4005.jpg,surprise
4006.jpg,anger
4007.jpg,uncertain
4008.jpg,sad
4009.jpg,fear
401.jpg,fear
4010.jpg,contempt
4011.jpg,anger
4012.jpg,uncertain
4013.jpg,neutral
4014.jpg,sad
4015.jpg,happy
4016.jpg,anger
4017.jpg,anger
4018.jpg,anger
4019.jpg,uncertain
402.jpg,uncertain
4020.jpg,happy
4021.jpg,surprise
4022.jpg,sad
4023.jpg,sad
4024.jpg,uncertain
4025.jpg,happy
4026.jpg,neutral
4027.jpg,fear
4028.jpg,happy
4029.jpg,happy
403.jpg,neutral
4030.jpg,sad
4031.jpg,fear
4032.jpg,anger
4033.jpg,uncertain
4034.jpg,neutral
4035.jpg,fear
4036.jpg,fear
4037.jpg,neutral
4038.jpg,fear
4039.jpg,surprise
404.jpg,sad
4040.jpg,happy
4041.jpg,surprise
4042.jpg,anger
4043.jpg,neutral
4044.jpg,neutral
4045.jpg,neutral
4046.jpg,happy
4047.jpg,anger
4048.jpg,fear
4049.jpg,anger
405.jpg,happy
4050.jpg,uncertain
4051.jpg,neutral
4052.jpg,disgust
4053.jpg,contempt
4054.jpg,anger
4055.jpg,neutral
4056.jpg,uncertain
4057.jpg,sad
4058.jpg,happy
4059.jpg,contempt
406.jpg,happy
4060.jpg,sad
4061.jpg,fear
4062.jpg,neutral
4063.jpg,contempt
4064.jpg,uncertain
4065.jpg,surprise
4066.jpg,neutral
4067.jpg,neutral
4068.jpg,contempt
4069.jpg,surprise
407.jpg,anger
4070.jpg,neutral
4071.jpg,neutral
4072.jpg,disgust
4073.jpg,uncertain
4074.jpg,surprise
4075.jpg,uncertain
4076.jpg,neutral
4077.jpg,neutral
4078.jpg,anger
4079.jpg,fear
408.jpg,contempt
4080.jpg,anger
4081.jpg,neutral
4082.jpg,anger
4083.jpg,happy
4084.jpg,uncertain
4085.jpg,neutral
4086.jpg,uncertain
4087.jpg,anger
4088.jpg,uncertain
4089.jpg,happy
409.jpg,neutral
4090.jpg,neutral
4091.jpg,anger
4092.jpg,sad
4093.jpg,anger
4094.jpg,anger
4095.jpg,surprise
4096.jpg,neutral
4097.jpg,sad
4098.jpg,happy
4099.jpg,surprise
41.jpg,fear
410.jpg,disgust
4100.jpg,contempt
4101.jpg,happy
4102.jpg,anger
4103.jpg,surprise
4104.jpg,sad
4105.jpg,surprise
4106.jpg,anger
4107.jpg,fear
4108.jpg,surprise
4109.jpg,surprise
411.jpg,sad
4110.jpg,sad
4111.jpg,sad
4112.jpg,sad
4113.jpg,anger
4114.jpg,sad
4115.jpg,neutral
4116.jpg,neutral
4117.jpg,fear
4118.jpg,neutral
4119.jpg,sad
412.jpg,neutral
4120.jpg,uncertain
4121.jpg,neutral
4122.jpg,fear
4123.jpg,sad
4124.jpg,fear
4125.jpg,neutral
4126.jpg,happy
4127.jpg,anger
4128.jpg,contempt
4129.jpg,uncertain
413.jpg,happy
4130.jpg,happy
4131.jpg,uncertain
4132.jpg,happy
4133.jpg,sad
4134.jpg,neutral
4135.jpg,uncertain
4136.jpg,neutral
4137.jpg,fear
4138.jpg,happy
4139.jpg,anger
414.jpg,uncertain
4140.jpg,happy
4141.jpg,anger
4142.jpg,neutral
4143.jpg,sad
4144.jpg,sad
4145.jpg,neutral
4146.jpg,neutral
4147.jpg,sad
4148.jpg,anger
4149.jpg,anger
415.jpg,fear
4150.jpg,sad
4151.jpg,neutral
4152.jpg,happy
4153.jpg,uncertain
4154.jpg,sad
4155.jpg,happy
4156.jpg,happy
4157.jpg,neutral
4158.jpg,uncertain
4159.jpg,uncertain
416.jpg,disgust
4160.jpg,sad
4161.jpg,happy
4162.jpg,neutral
4163.jpg,happy
4164.jpg,anger
4165.jpg,neutral
4166.jpg,fear
4167.jpg,uncertain
4168.jpg,neutral
4169.jpg,contempt
417.jpg,fear
4170.jpg,fear
4171.jpg,fear
4172.jpg,surprise
4173.jpg,uncertain
4174.jpg,uncertain
4175.jpg,happy
4176.jpg,uncertain
4177.jpg,happy
4178.jpg,disgust
4179.jpg,happy
418.jpg,neutral
4180.jpg,neutral
4181.jpg,contempt
4182.jpg,contempt
4183.jpg,sad
4184.jpg,neutral
4185.jpg,disgust
4186.jpg,neutral
4187.jpg,neutral
4188.jpg,neutral
4189.jpg,happy
419.jpg,neutral
4190.jpg,disgust
4191.jpg,neutral
4192.jpg,uncertain
4193.jpg,anger
4194.jpg,anger
4195.jpg,uncertain
4196.jpg,fear
4197.jpg,contempt
4198.jpg,uncertain
4199.jpg,fear
42.jpg,sad
420.jpg,neutral
4200.jpg,neutral
4201.jpg,anger
4202.jpg,neutral
4203.jpg,anger
4204.jpg,neutral
4205.jpg,sad
4206.jpg,uncertain
4207.jpg,contempt
4208.jpg,surprise
4209.jpg,fear
421.jpg,neutral
4210.jpg,fear
4211.jpg,anger
4212.jpg,uncertain
4213.jpg,sad
4214.jpg,sad
4215.jpg,uncertain
4216.jpg,neutral
4217.jpg,disgust
4218.jpg,surprise
4219.jpg,neutral
422.jpg,happy
4220.jpg,contempt
4221.jpg,surprise
4222.jpg,anger
4223.jpg,fear
4224.jpg,neutral
4225.jpg,sad
4226.jpg,happy
4227.jpg,fear
4228.jpg,neutral
4229.jpg,surprise
423.jpg,disgust
4230.jpg,happy
4231.jpg,contempt
4232.jpg,anger
4233.jpg,happy
4234.jpg,happy
4235.jpg,contempt
4236.jpg,fear
4237.jpg,contempt
4238.jpg,neutral
4239.jpg,anger
424.jpg,neutral
4240.jpg,contempt
4241.jpg,sad
4242.jpg,disgust
4243.jpg,anger
4244.jpg,uncertain
4245.jpg,sad
4246.jpg,neutral
4247.jpg,neutral
4248.jpg,uncertain
4249.jpg,anger
425.jpg,neutral
4250.jpg,happy
4251.jpg,anger
4252.jpg,surprise
4253.jpg,happy
4254.jpg,neutral
4255.jpg,uncertain
4256.jpg,surprise
4257.jpg,anger
4258.jpg,neutral
4259.jpg,neutral
426.jpg,neutral
4260.jpg,disgust
4261.jpg,happy
4262.jpg,fear
4263.jpg,contempt
4264.jpg,disgust
4265.jpg,fear
4266.jpg,uncertain
4267.jpg,happy
4268.jpg,anger
4269.jpg,surprise
427.jpg,sad
4270.jpg,fear
4271.jpg,disgust
4272.jpg,surprise
4273.jpg,fear
4274.jpg,anger
4275.jpg,contempt
4276.jpg,sad
4277.jpg,uncertain
4278.jpg,neutral
4279.jpg,happy
428.jpg,contempt
4280.jpg,surprise
4281.jpg,surprise
4282.jpg,fear
4283.jpg,neutral
4284.jpg,happy
4285.jpg,disgust
4286.jpg,uncertain
4287.jpg,anger
4288.jpg,anger
4289.jpg,fear
429.jpg,anger
4290.jpg,sad
4291.jpg,surprise
4292.jpg,disgust
4293.jpg,sad
4294.jpg,happy
4295.jpg,fear
4296.jpg,uncertain
4297.jpg,happy
4298.jpg,neutral
4299.jpg,surprise
43.jpg,anger
430.jpg,neutral
4300.jpg,neutral
4301.jpg,uncertain
4302.jpg,surprise
4303.jpg,contempt
4304.jpg,fear
4305.jpg,anger
4306.jpg,sad
4307.jpg,happy
4308.jpg,surprise
4309.jpg,uncertain
431.jpg,surprise
4310.jpg,anger
4311.jpg,anger
4312.jpg,uncertain
4313.jpg,neutral
4314.jpg,sad
4315.jpg,happy
4316.jpg,anger
4317.jpg,happy
4318.jpg,neutral
4319.jpg,fear
432.jpg,contempt
4320.jpg,anger
4321.jpg,happy
4322.jpg,happy
4323.jpg,fear
4324.jpg,happy
4325.jpg,surprise
4326.jpg,sad
4327.jpg,happy
4328.jpg,neutral
4329.jpg,uncertain
433.jpg,contempt
4330.jpg,anger
4331.jpg,happy
4332.jpg,happy
4333.jpg,fear
4334.jpg,surprise
4335.jpg,anger
4336.jpg,uncertain
4337.jpg,uncertain
4338.jpg,sad
4339.jpg,fear
434.jpg,happy
4340.jpg,surprise
4341.jpg,anger
4342.jpg,happy
4343.jpg,neutral
4344.jpg,contempt
4345.jpg,contempt
4346.jpg,surprise
4347.jpg,uncertain
4348.jpg,anger
4349.jpg,sad
435.jpg,neutral
4350.jpg,uncertain
4351.jpg,neutral
4352.jpg,uncertain
4353.jpg,happy
4354.jpg,sad
4355.jpg,sad
4356.jpg,surprise
4357.jpg,neutral
4358.jpg,happy
4359.jpg,fear
436.jpg,surprise
4360.jpg,sad
4361.jpg,fear
4362.jpg,surprise
4363.jpg,surprise
4364.jpg,disgust
4365.jpg,fear
4366.jpg,neutral
4367.jpg,sad
4368.jpg,happy
4369.jpg,happy
437.jpg,fear
4370.jpg,surprise
4371.jpg,surprise
4372.jpg,anger
4373.jpg,contempt
4374.jpg,sad
4375.jpg,sad
4376.jpg,contempt
4377.jpg,neutral
4378.jpg,anger
4379.jpg,neutral
438.jpg,anger
4380.jpg,anger
4381.jpg,uncertain
4382.jpg,surprise
4383.jpg,surprise
4384.jpg,neutral
4385.jpg,happy
4386.jpg,fear
4387.jpg,anger
4388.jpg,fear
4389.jpg,fear
439.jpg,neutral
4390.jpg,contempt
4391.jpg,neutral
4392.jpg,anger
4393.jpg,contempt
4394.jpg,neutral
4395.jpg,surprise
4396.jpg,surprise
4397.jpg,neutral
4398.jpg,anger
4399.jpg,fear
44.jpg,disgust
440.jpg,anger
4400.jpg,neutral
4401.jpg,happy
4402.jpg,anger
4403.jpg,fear
4404.jpg,surprise
4405.jpg,anger
4406.jpg,fear
4407.jpg,neutral
4408.jpg,surprise
4409.jpg,happy
441.jpg,disgust
4410.jpg,anger
4411.jpg,anger
4412.jpg,neutral
4413.jpg,fear
4414.jpg,surprise
4415.jpg,contempt
4416.jpg,neutral
4417.jpg,anger
4418.jpg,surprise
4419.jpg,happy
442.jpg,sad
4420.jpg,surprise
4421.jpg,neutral
4422.jpg,anger
4423.jpg,neutral
4424.jpg,happy
4425.jpg,sad
4426.jpg,neutral
4427.jpg,anger
4428.jpg,disgust
4429.jpg,anger
443.jpg,fear
4430.jpg,uncertain
4431.jpg,neutral
4432.jpg,neutral
4433.jpg,neutral
4434.jpg,disgust
4435.jpg,anger
4436.jpg,neutral
4437.jpg,uncertain
4438.jpg,anger
4439.jpg,disgust
444.jpg,fear
4440.jpg,surprise
4441.jpg,disgust
4442.jpg,happy
4443.jpg,sad
4444.jpg,neutral
4445.jpg,surprise
4446.jpg,anger
4447.jpg,surprise
4448.jpg,sad
4449.jpg,anger
445.jpg,surprise
4450.jpg,sad
4451.jpg,anger
4452.jpg,disgust
4453.jpg,sad
4454.jpg,contempt
4455.jpg,neutral
4456.jpg,surprise
4457.jpg,surprise
4458.jpg,uncertain
4459.jpg,anger
446.jpg,neutral
4460.jpg,anger
4461.jpg,contempt
4462.jpg,contempt
4463.jpg,uncertain
4464.jpg,surprise
4465.jpg,sad
4466.jpg,happy
4467.jpg,neutral
4468.jpg,happy
4469.jpg,happy
447.jpg,fear
4470.jpg,happy
4471.jpg,neutral
4472.jpg,happy
4473.jpg,anger
4474.jpg,neutral
4475.jpg,neutral
4476.jpg,neutral
4477.jpg,neutral
4478.jpg,surprise
4479.jpg,neutral
448.jpg,fear
4480.jpg,anger
4481.jpg,surprise
4482.jpg,surprise
4483.jpg,contempt
4484.jpg,neutral
4485.jpg,fear
4486.jpg,uncertain
4487.jpg,neutral
4488.jpg,fear
4489.jpg,uncertain
449.jpg,fear
4490.jpg,anger
4491.jpg,sad
4492.jpg,fear
4493.jpg,fear
4494.jpg,contempt
4495.jpg,uncertain
4496.jpg,surprise
4497.jpg,anger
4498.jpg,surprise
4499.jpg,happy
45.jpg,fear
450.jpg,neutral
4500.jpg,sad
4501.jpg,uncertain
4502.jpg,sad
4503.jpg,uncertain
4504.jpg,neutral
4505.jpg,anger
4506.jpg,sad
4507.jpg,anger
4508.jpg,sad
4509.jpg,neutral
451.jpg,sad
4510.jpg,neutral
4511.jpg,surprise
4512.jpg,contempt
4513.jpg,disgust
4514.jpg,neutral
4515.jpg,neutral
4516.jpg,happy
4517.jpg,disgust
4518.jpg,neutral
4519.jpg,anger
452.jpg,sad
4520.jpg,anger
4521.jpg,neutral
4522.jpg,sad
4523.jpg,surprise
4524.jpg,uncertain
4525.jpg,contempt
4526.jpg,neutral
4527.jpg,neutral
4528.jpg,uncertain
4529.jpg,fear
453.jpg,fear
4530.jpg,neutral
4531.jpg,sad
4532.jpg,anger
4533.jpg,anger
4534.jpg,disgust
4535.jpg,happy
4536.jpg,uncertain
4537.jpg,neutral
4538.jpg,sad
4539.jpg,anger
454.jpg,uncertain
4540.jpg,sad
4541.jpg,contempt
4542.jpg,sad
4543.jpg,sad
4544.jpg,neutral
4545.jpg,surprise
4546.jpg,sad
4547.jpg,happy
4548.jpg,surprise
4549.jpg,surprise
455.jpg,disgust
4550.jpg,surprise
4551.jpg,neutral
4552.jpg,neutral
4553.jpg,fear
4554.jpg,uncertain
4555.jpg,neutral
4556.jpg,neutral
4557.jpg,sad
4558.jpg,happy
4559.jpg,anger
456.jpg,happy
4560.jpg,sad
4561.jpg,fear
4562.jpg,anger
4563.jpg,sad
4564.jpg,surprise
4565.jpg,anger
4566.jpg,neutral
4567.jpg,fear
4568.jpg,neutral
4569.jpg,fear
457.jpg,uncertain
4570.jpg,sad
4571.jpg,fear
4572.jpg,uncertain
4573.jpg,uncertain
4574.jpg,happy
4575.jpg,contempt
4576.jpg,neutral
4577.jpg,surprise
4578.jpg,sad
4579.jpg,surprise
458.jpg,neutral
4580.jpg,fear
4581.jpg,sad
4582.jpg,neutral
4583.jpg,anger
4584.jpg,uncertain
4585.jpg,sad
4586.jpg,surprise
4587.jpg,fear
4588.jpg,neutral
4589.jpg,sad
459.jpg,neutral
4590.jpg,uncertain
4591.jpg,fear
4592.jpg,uncertain
4593.jpg,anger
4594.jpg,contempt
4595.jpg,uncertain
4596.jpg,fear
4597.jpg,neutral
4598.jpg,neutral
4599.jpg,fear
46.jpg,sad
460.jpg,sad
4600.jpg,uncertain
4601.jpg,anger
4602.jpg,neutral
4603.jpg,sad
4604.jpg,disgust
4605.jpg,sad
4606.jpg,fear
4607.jpg,happy
4608.jpg,anger
4609.jpg,surprise
461.jpg,disgust
4610.jpg,anger
4611.jpg,fear
4612.jpg,neutral
4613.jpg,neutral
4614.jpg,uncertain
4615.jpg,surprise
4616.jpg,happy
4617.jpg,sad
4618.jpg,disgust
4619.jpg,happy
462.jpg,disgust
4620.jpg,anger
4621.jpg,contempt
4622.jpg,sad
4623.jpg,sad
4624.jpg,fear
4625.jpg,sad
4626.jpg,happy
4627.jpg,neutral
4628.jpg,surprise
4629.jpg,fear
463.jpg,sad
4630.jpg,sad
4631.jpg,surprise
4632.jpg,fear
4633.jpg,anger
4634.jpg,anger
4635.jpg,anger
4636.jpg,anger
4637.jpg,surprise
4638.jpg,neutral
4639.jpg,neutral
464.jpg,neutral
4640.jpg,disgust
4641.jpg,neutral
4642.jpg,surprise
4643.jpg,neutral
4644.jpg,sad
4645.jpg,sad
4646.jpg,anger
4647.jpg,anger
4648.jpg,happy
4649.jpg,contempt
465.jpg,disgust
4650.jpg,neutral
4651.jpg,anger
4652.jpg,surprise
4653.jpg,surprise
4654.jpg,uncertain
4655.jpg,contempt
4656.jpg,anger
4657.jpg,uncertain
4658.jpg,neutral
4659.jpg,anger
466.jpg,neutral
4660.jpg,neutral
4661.jpg,uncertain
4662.jpg,uncertain
4663.jpg,sad
4664.jpg,surprise
4665.jpg,anger
4666.jpg,neutral
4667.jpg,neutral
4668.jpg,disgust
4669.jpg,neutral
467.jpg,anger
4670.jpg,anger
4671.jpg,anger
4672.jpg,uncertain
4673.jpg,contempt
4674.jpg,neutral
4675.jpg,disgust
4676.jpg,fear
4677.jpg,happy
4678.jpg,neutral
4679.jpg,uncertain
468.jpg,happy
4680.jpg,surprise
4681.jpg,sad
4682.jpg,neutral
4683.jpg,neutral
4684.jpg,sad
4685.jpg,neutral
4686.jpg,sad
4687.jpg,sad
4688.jpg,neutral
4689.jpg,fear
469.jpg,neutral
4690.jpg,uncertain
4691.jpg,neutral
4692.jpg,anger
4693.jpg,uncertain
4694.jpg,sad
4695.jpg,neutral
4696.jpg,surprise
4697.jpg,surprise
4698.jpg,neutral
4699.jpg,anger
47.jpg,sad
470.jpg,surprise
4700.jpg,anger
4701.jpg,fear
4702.jpg,happy
4703.jpg,anger
4704.jpg,sad
4705.jpg,sad
4706.jpg,fear
4707.jpg,neutral
4708.jpg,contempt
4709.jpg,anger
471.jpg,neutral
4710.jpg,neutral
4711.jpg,neutral
4712.jpg,neutral
4713.jpg,happy
4714.jpg,anger
4715.jpg,contempt
4716.jpg,anger
4717.jpg,sad
4718.jpg,neutral
4719.jpg,surprise
472.jpg,anger
4720.jpg,surprise
4721.jpg,sad
4722.jpg,uncertain
4723.jpg,neutral
4724.jpg,happy
4725.jpg,neutral
4726.jpg,neutral
4727.jpg,neutral
4728.jpg,sad
4729.jpg,contempt
473.jpg,fear
4730.jpg,uncertain
4731.jpg,anger
4732.jpg,neutral
4733.jpg,anger
4734.jpg,sad
4735.jpg,anger
4736.jpg,neutral
4737.jpg,uncertain
4738.jpg,sad
4739.jpg,disgust
474.jpg,anger
4740.jpg,sad
4741.jpg,anger
4742.jpg,happy
4743.jpg,uncertain
4744.jpg,contempt
4745.jpg,anger
4746.jpg,anger
4747.jpg,neutral
4748.jpg,surprise
4749.jpg,happy
475.jpg,neutral
4750.jpg,fear
4751.jpg,happy
4752.jpg,disgust
4753.jpg,neutral
4754.jpg,uncertain
4755.jpg,contempt
4756.jpg,anger
4757.jpg,sad
4758.jpg,sad
4759.jpg,uncertain
476.jpg,sad
4760.jpg,neutral
4761.jpg,neutral
4762.jpg,happy
4763.jpg,neutral
4764.jpg,sad
4765.jpg,disgust
4766.jpg,fear
4767.jpg,surprise
4768.jpg,surprise
4769.jpg,fear
477.jpg,neutral
4770.jpg,fear
4771.jpg,anger
4772.jpg,neutral
4773.jpg,fear
4774.jpg,sad
4775.jpg,anger
4776.jpg,disgust
4777.jpg,uncertain
4778.jpg,happy
4779.jpg,sad
478.jpg,neutral
4780.jpg,sad
4781.jpg,happy
4782.jpg,fear
4783.jpg,neutral
4784.jpg,uncertain
4785.jpg,sad
4786.jpg,happy
4787.jpg,sad
4788.jpg,fear
4789.jpg,contempt
479.jpg,sad
4790.jpg,neutral
4791.jpg,disgust
4792.jpg,surprise
4793.jpg,sad
4794.jpg,surprise
4795.jpg,sad
4796.jpg,happy
4797.jpg,happy
4798.jpg,neutral
4799.jpg,neutral
48.jpg,uncertain
480.jpg,surprise
4800.jpg,neutral
4801.jpg,uncertain
4802.jpg,sad
4803.jpg,sad
4804.jpg,surprise
4805.jpg,contempt
4806.jpg,fear
4807.jpg,anger
4808.jpg,neutral
4809.jpg,neutral
481.jpg,surprise
4810.jpg,fear
4811.jpg,sad
4812.jpg,surprise
4813.jpg,anger
4814.jpg,sad
4815.jpg,anger
4816.jpg,disgust
4817.jpg,happy
4818.jpg,surprise
4819.jpg,contempt
482.jpg,fear
4820.jpg,uncertain
4821.jpg,neutral
4822.jpg,disgust
4823.jpg,sad
4824.jpg,fear
4825.jpg,anger
4826.jpg,contempt
4827.jpg,fear
4828.jpg,fear
4829.jpg,uncertain
483.jpg,sad
4830.jpg,fear
4831.jpg,surprise
4832.jpg,contempt
4833.jpg,happy
4834.jpg,surprise
4835.jpg,happy
4836.jpg,anger
4837.jpg,happy
4838.jpg,sad
4839.jpg,anger
484.jpg,fear
4840.jpg,surprise
4841.jpg,neutral
4842.jpg,sad
4843.jpg,neutral
4844.jpg,sad
4845.jpg,contempt
4846.jpg,sad
4847.jpg,fear
4848.jpg,uncertain
4849.jpg,sad
485.jpg,uncertain
4850.jpg,anger
4851.jpg,happy
4852.jpg,happy
4853.jpg,neutral
4854.jpg,sad
4855.jpg,surprise
4856.jpg,surprise
4857.jpg,anger
4858.jpg,anger
4859.jpg,anger
486.jpg,disgust
4860.jpg,surprise
4861.jpg,disgust
4862.jpg,happy
4863.jpg,neutral
4864.jpg,contempt
4865.jpg,anger
4866.jpg,surprise
4867.jpg,happy
4868.jpg,anger
4869.jpg,anger
487.jpg,surprise
4870.jpg,neutral
4871.jpg,neutral
4872.jpg,surprise
4873.jpg,fear
4874.jpg,neutral
4875.jpg,neutral
4876.jpg,anger
4877.jpg,neutral
4878.jpg,neutral
4879.jpg,uncertain
488.jpg,anger
4880.jpg,neutral
4881.jpg,disgust
4882.jpg,surprise
4883.jpg,surprise
4884.jpg,anger
4885.jpg,anger
4886.jpg,neutral
4887.jpg,fear
4888.jpg,sad
4889.jpg,fear
489.jpg,anger
4890.jpg,sad
4891.jpg,surprise
4892.jpg,disgust
4893.jpg,happy
4894.jpg,neutral
4895.jpg,sad
4896.jpg,anger
4897.jpg,neutral
4898.jpg,neutral
4899.jpg,neutral
49.jpg,neutral
490.jpg,happy
4900.jpg,sad
4901.jpg,neutral
4902.jpg,uncertain
4903.jpg,sad
4904.jpg,uncertain
4905.jpg,disgust
4906.jpg,neutral
4907.jpg,neutral
4908.jpg,neutral
4909.jpg,fear
491.jpg,surprise
4910.jpg,surprise
4911.jpg,fear
4912.jpg,fear
4913.jpg,neutral
4914.jpg,contempt
4915.jpg,sad
4916.jpg,uncertain
4917.jpg,surprise
4918.jpg,happy
4919.jpg,anger
492.jpg,uncertain
4920.jpg,anger
4921.jpg,sad
4922.jpg,surprise
4923.jpg,surprise
4924.jpg,neutral
4925.jpg,anger
4926.jpg,anger
4927.jpg,contempt
4928.jpg,anger
4929.jpg,neutral
493.jpg,neutral
4930.jpg,disgust
4931.jpg,sad
4932.jpg,neutral
4933.jpg,contempt
4934.jpg,neutral
4935.jpg,fear
4936.jpg,anger
4937.jpg,uncertain
4938.jpg,fear
4939.jpg,contempt
494.jpg,happy
4940.jpg,sad
4941.jpg,neutral
4942.jpg,neutral
4943.jpg,contempt
4944.jpg,surprise
4945.jpg,disgust
4946.jpg,happy
4947.jpg,happy
4948.jpg,anger
4949.jpg,fear
495.jpg,happy
4950.jpg,disgust
4951.jpg,sad
4952.jpg,surprise
4953.jpg,surprise
4954.jpg,neutral
4955.jpg,happy
4956.jpg,happy
4957.jpg,anger
4958.jpg,sad
4959.jpg,contempt
496.jpg,anger
4960.jpg,anger
4961.jpg,anger
4962.jpg,surprise
4963.jpg,anger
4964.jpg,uncertain
4965.jpg,anger
4966.jpg,contempt
4967.jpg,fear
4968.jpg,fear
4969.jpg,happy
497.jpg,anger
4970.jpg,disgust
4971.jpg,surprise
4972.jpg,neutral
4973.jpg,anger
4974.jpg,happy
4975.jpg,contempt
4976.jpg,neutral
4977.jpg,happy
4978.jpg,surprise
4979.jpg,uncertain
498.jpg,fear
4980.jpg,anger
4981.jpg,neutral
4982.jpg,neutral
4983.jpg,surprise
4984.jpg,sad
4985.jpg,sad
4986.jpg,happy
4987.jpg,neutral
4988.jpg,surprise
4989.jpg,neutral
499.jpg,sad
4990.jpg,neutral
4991.jpg,anger
4992.jpg,anger
4993.jpg,sad
4994.jpg,fear
4995.jpg,neutral
4996.jpg,fear
4997.jpg,neutral
4998.jpg,neutral
4999.jpg,contempt
5.jpg,neutral
50.jpg,sad
500.jpg,neutral
501.jpg,neutral
502.jpg,sad
503.jpg,neutral
504.jpg,fear
505.jpg,contempt
506.jpg,fear
507.jpg,happy
508.jpg,sad
509.jpg,fear
51.jpg,uncertain
510.jpg,surprise
511.jpg,neutral
512.jpg,happy
513.jpg,sad
514.jpg,neutral
515.jpg,disgust
516.jpg,anger
517.jpg,anger
518.jpg,anger
519.jpg,surprise
52.jpg,happy
520.jpg,surprise
521.jpg,sad
522.jpg,neutral
523.jpg,uncertain
524.jpg,happy
525.jpg,uncertain
526.jpg,fear
527.jpg,sad
528.jpg,uncertain
529.jpg,uncertain
53.jpg,anger
530.jpg,surprise
531.jpg,disgust
532.jpg,sad
533.jpg,sad
534.jpg,fear
535.jpg,fear
536.jpg,sad
537.jpg,anger
538.jpg,anger
539.jpg,disgust
54.jpg,disgust
540.jpg,fear
541.jpg,sad
542.jpg,fear
543.jpg,fear
544.jpg,anger
545.jpg,sad
546.jpg,contempt
547.jpg,surprise
548.jpg,sad
549.jpg,happy
55.jpg,contempt
550.jpg,uncertain
551.jpg,happy
552.jpg,disgust
553.jpg,anger
554.jpg,neutral
555.jpg,anger
556.jpg,uncertain
557.jpg,uncertain
558.jpg,anger
559.jpg,neutral
56.jpg,anger
560.jpg,fear
561.jpg,neutral
562.jpg,fear
563.jpg,uncertain
564.jpg,uncertain
565.jpg,neutral
566.jpg,sad
567.jpg,contempt
568.jpg,neutral
569.jpg,surprise
57.jpg,sad
570.jpg,contempt
571.jpg,sad
572.jpg,surprise
573.jpg,happy
574.jpg,anger
575.jpg,uncertain
576.jpg,anger
577.jpg,surprise
578.jpg,sad
579.jpg,neutral
58.jpg,anger
580.jpg,fear
581.jpg,anger
582.jpg,happy
583.jpg,fear
584.jpg,uncertain
585.jpg,uncertain
586.jpg,sad
587.jpg,contempt
588.jpg,contempt
589.jpg,uncertain
59.jpg,anger
590.jpg,happy
591.jpg,fear
592.jpg,uncertain
593.jpg,contempt
594.jpg,disgust
595.jpg,uncertain
596.jpg,surprise
597.jpg,disgust
598.jpg,surprise
599.jpg,happy
6.jpg,anger
60.jpg,happy
600.jpg,contempt
601.jpg,surprise
602.jpg,sad
603.jpg,anger
604.jpg,neutral
605.jpg,neutral
606.jpg,neutral
607.jpg,neutral
608.jpg,fear
609.jpg,uncertain
61.jpg,neutral
610.jpg,anger
611.jpg,neutral
612.jpg,surprise
613.jpg,anger
614.jpg,surprise
615.jpg,contempt
616.jpg,fear
617.jpg,neutral
618.jpg,anger
619.jpg,contempt
62.jpg,fear
620.jpg,fear
621.jpg,fear
622.jpg,happy
623.jpg,uncertain
624.jpg,fear
625.jpg,fear
626.jpg,neutral
627.jpg,happy
628.jpg,uncertain
629.jpg,anger
63.jpg,neutral
630.jpg,disgust
631.jpg,contempt
632.jpg,anger
633.jpg,sad
634.jpg,happy
635.jpg,neutral
636.jpg,uncertain
637.jpg,surprise
638.jpg,surprise
639.jpg,sad
64.jpg,anger
640.jpg,surprise
641.jpg,sad
642.jpg,neutral
643.jpg,happy
644.jpg,surprise
645.jpg,anger
646.jpg,neutral
647.jpg,neutral
648.jpg,anger
649.jpg,fear
65.jpg,sad
650.jpg,anger
651.jpg,disgust
652.jpg,sad
653.jpg,anger
654.jpg,contempt
655.jpg,neutral
656.jpg,anger
657.jpg,fear
658.jpg,uncertain
659.jpg,happy
66.jpg,anger
660.jpg,anger
661.jpg,anger
662.jpg,surprise
663.jpg,anger
664.jpg,happy
665.jpg,neutral
666.jpg,happy
667.jpg,sad
668.jpg,uncertain
669.jpg,fear
67.jpg,happy
670.jpg,surprise
671.jpg,neutral
672.jpg,sad
673.jpg,neutral
674.jpg,anger
675.jpg,contempt
676.jpg,neutral
677.jpg,disgust
678.jpg,uncertain
679.jpg,uncertain
68.jpg,sad
680.jpg,sad
681.jpg,uncertain
682.jpg,contempt
683.jpg,fear
684.jpg,surprise
685.jpg,fear
686.jpg,happy
687.jpg,surprise
688.jpg,neutral
689.jpg,uncertain
69.jpg,disgust
690.jpg,neutral
691.jpg,anger
692.jpg,disgust
693.jpg,surprise
694.jpg,contempt
695.jpg,neutral
696.jpg,anger
697.jpg,surprise
698.jpg,happy
699.jpg,anger
7.jpg,neutral
70.jpg,uncertain
700.jpg,disgust
701.jpg,fear
702.jpg,sad
703.jpg,neutral
704.jpg,uncertain
705.jpg,sad
706.jpg,uncertain
707.jpg,neutral
708.jpg,neutral
709.jpg,sad
71.jpg,neutral
710.jpg,fear
711.jpg,fear
712.jpg,anger
713.jpg,neutral
714.jpg,sad
715.jpg,neutral
716.jpg,fear
717.jpg,neutral
718.jpg,fear
719.jpg,anger
72.jpg,fear
720.jpg,fear
721.jpg,anger
722.jpg,anger
723.jpg,surprise
724.jpg,contempt
725.jpg,happy
726.jpg,neutral
727.jpg,happy
728.jpg,neutral
729.jpg,sad
73.jpg,anger
730.jpg,uncertain
731.jpg,anger
732.jpg,fear
733.jpg,sad
734.jpg,uncertain
735.jpg,happy
736.jpg,anger
737.jpg,neutral
738.jpg,neutral
739.jpg,uncertain
74.jpg,contempt
740.jpg,uncertain
741.jpg,disgust
742.jpg,sad
743.jpg,fear
744.jpg,anger
745.jpg,neutral
746.jpg,anger
747.jpg,contempt
748.jpg,fear
749.jpg,neutral
75.jpg,happy
750.jpg,sad
751.jpg,anger
752.jpg,uncertain
753.jpg,anger
754.jpg,surprise
755.jpg,fear
756.jpg,neutral
757.jpg,sad
758.jpg,neutral
759.jpg,sad
76.jpg,surprise
760.jpg,neutral
761.jpg,anger
762.jpg,fear
763.jpg,sad
764.jpg,surprise
765.jpg,happy
766.jpg,anger
767.jpg,anger
768.jpg,neutral
769.jpg,uncertain
77.jpg,neutral
770.jpg,contempt
771.jpg,sad
772.jpg,happy
773.jpg,anger
774.jpg,fear
775.jpg,happy
776.jpg,contempt
777.jpg,anger
778.jpg,fear
779.jpg,surprise
78.jpg,neutral
780.jpg,sad
781.jpg,contempt
782.jpg,uncertain
783.jpg,neutral
784.jpg,happy
785.jpg,contempt
786.jpg,surprise
787.jpg,sad
788.jpg,sad
789.jpg,fear
79.jpg,neutral
790.jpg,neutral
791.jpg,sad
792.jpg,disgust
793.jpg,anger
794.jpg,surprise
795.jpg,happy
796.jpg,anger
797.jpg,neutral
798.jpg,anger
799.jpg,anger
8.jpg,uncertain
80.jpg,sad
800.jpg,anger
801.jpg,fear
802.jpg,happy
803.jpg,fear
804.jpg,happy
805.jpg,surprise
806.jpg,surprise
807.jpg,uncertain
808.jpg,uncertain
809.jpg,surprise
81.jpg,anger
810.jpg,neutral
811.jpg,fear
812.jpg,happy
813.jpg,surprise
814.jpg,sad
815.jpg,anger
816.jpg,uncertain
817.jpg,disgust
818.jpg,uncertain
819.jpg,happy
82.jpg,surprise
820.jpg,uncertain
821.jpg,sad
822.jpg,sad
823.jpg,surprise
824.jpg,contempt
825.jpg,disgust
826.jpg,happy
827.jpg,neutral
828.jpg,surprise
829.jpg,sad
83.jpg,anger
830.jpg,neutral
831.jpg,neutral
832.jpg,fear
833.jpg,uncertain
834.jpg,sad
835.jpg,neutral
836.jpg,neutral
837.jpg,neutral
838.jpg,contempt
839.jpg,fear
84.jpg,neutral
840.jpg,uncertain
841.jpg,neutral
842.jpg,surprise
843.jpg,neutral
844.jpg,disgust
845.jpg,surprise
846.jpg,happy
847.jpg,neutral
848.jpg,anger
849.jpg,neutral
85.jpg,fear
850.jpg,fear
851.jpg,sad
852.jpg,anger
853.jpg,sad
854.jpg,neutral
855.jpg,contempt
856.jpg,sad
857.jpg,fear
858.jpg,sad
859.jpg,neutral
86.jpg,uncertain
860.jpg,anger
861.jpg,sad
862.jpg,neutral
863.jpg,neutral
864.jpg,surprise
865.jpg,contempt
866.jpg,contempt
867.jpg,neutral
868.jpg,neutral
869.jpg,neutral
87.jpg,surprise
870.jpg,happy
871.jpg,anger
872.jpg,neutral
873.jpg,surprise
874.jpg,sad
875.jpg,surprise
876.jpg,neutral
877.jpg,contempt
878.jpg,fear
879.jpg,neutral
88.jpg,sad
880.jpg,neutral
881.jpg,anger
882.jpg,anger
883.jpg,neutral
884.jpg,sad
885.jpg,uncertain
886.jpg,uncertain
887.jpg,neutral
888.jpg,anger
889.jpg,anger
89.jpg,fear
890.jpg,sad
891.jpg,neutral
892.jpg,sad
893.jpg,sad
894.jpg,uncertain
895.jpg,uncertain
896.jpg,happy
897.jpg,neutral
898.jpg,contempt
899.jpg,disgust
9.jpg,surprise
90.jpg,contempt
900.jpg,fear
901.jpg,anger
902.jpg,neutral
903.jpg,sad
904.jpg,contempt
905.jpg,happy
906.jpg,neutral
907.jpg,neutral
908.jpg,sad
909.jpg,sad
91.jpg,anger
910.jpg,anger
911.jpg,sad
912.jpg,happy
913.jpg,disgust
914.jpg,fear
915.jpg,fear
916.jpg,sad
917.jpg,neutral
918.jpg,disgust
919.jpg,disgust
92.jpg,anger
920.jpg,sad
921.jpg,uncertain
922.jpg,anger
923.jpg,contempt
924.jpg,fear
925.jpg,fear
926.jpg,fear
927.jpg,uncertain
928.jpg,happy
929.jpg,fear
93.jpg,disgust
930.jpg,fear
931.jpg,neutral
932.jpg,anger
933.jpg,neutral
934.jpg,happy
935.jpg,sad
936.jpg,fear
937.jpg,sad
938.jpg,anger
939.jpg,anger
94.jpg,sad
940.jpg,sad
941.jpg,uncertain
942.jpg,anger
943.jpg,sad
944.jpg,uncertain
945.jpg,surprise
946.jpg,sad
947.jpg,contempt
948.jpg,sad
949.jpg,happy
95.jpg,sad
950.jpg,neutral
951.jpg,neutral
952.jpg,disgust
953.jpg,surprise
954.jpg,anger
955.jpg,anger
956.jpg,surprise
957.jpg,uncertain
958.jpg,uncertain
959.jpg,fear
96.jpg,neutral
960.jpg,sad
961.jpg,neutral
962.jpg,fear
963.jpg,fear
964.jpg,sad
965.jpg,uncertain
966.jpg,sad
967.jpg,fear
968.jpg,happy
969.jpg,neutral
97.jpg,disgust
970.jpg,anger
971.jpg,surprise
972.jpg,anger
973.jpg,neutral
974.jpg,happy
975.jpg,neutral
976.jpg,sad
977.jpg,surprise
978.jpg,sad
979.jpg,sad
98.jpg,anger
980.jpg,neutral
981.jpg,sad
982.jpg,surprise
983.jpg,surprise
984.jpg,neutral
985.jpg,happy
986.jpg,neutral
987.jpg,uncertain
988.jpg,sad
989.jpg,neutral
99.jpg,anger
990.jpg,neutral
991.jpg,uncertain
992.jpg,neutral
993.jpg,happy
994.jpg,sad
995.jpg,happy
996.jpg,happy
997.jpg,anger
998.jpg,neutral
999.jpg,surprise
